FID,PCON22CD,PCON22NM,BNG_E,BNG_N,LONG,LAT,Shape__Area,Shape__Length,GlobalID
1,E14000530,Aldershot,484884,155126,-0.7841,51.28895,53015743.9956741,36294.5777470703,204eac8e-0eaf-47b4-b7ec-347cbb3b0095
2,E14000531,Aldridge-Brownhills,404723,302568,-1.93166,52.62087,42852915.2760773,33437.3462620245,a5f5b10a-3502-4436-bf77-dee71fb5ce07
3,E14000532,Altrincham and Sale West,374132,389051,-2.39049,53.39766,53451993.8242188,38321.2829836245,f308fe2a-b0b5-414a-93d6-e54cab2796c4
4,E14000533,Amber Valley,440478,349674,-1.39771,53.04282,127905550.143494,50244.8961622439,585748dd-48d8-4726-95b3-2cc51acb77d0
5,E14000534,Arundel and South Downs,510686,115542,-0.42635,50.92871,647300597.688995,188565.473523671,8c675b59-b599-4f5b-b110-d20b009d561e
6,E14000535,Ashfield,450035,355939,-1.2542,53.09833,107808522.157516,52217.3681973693,153db1ab-0fc8-491d-8ce7-988d98c8a58b
7,E14000536,Ashford,595732,138823,0.795152,51.11526,506506923.807625,126070.424577489,0bc1e39f-00d0-44fd-a355-33c521416e5e
8,E14000537,Ashton-under-Lyne,392394,399819,-2.11611,53.49503,29072341.2105713,29491.0137198856,674bc17d-f89f-4ce7-9781-3e51491e526c
9,E14000538,Aylesbury,482161,199541,-0.81282,51.68862,186276929.905403,117412.744540766,12c43503-09b8-4edb-bb9d-857b85bc6e3f
10,E14000539,Banbury,441107,233685,-1.40262,52.0001,466689066.283768,160501.412977563,091db8c9-b0a4-4ad0-b6ba-3fb30e63870a
11,E14000540,Barking,546096,184534,0.105303,51.5408,20499183.5779877,22853.3605447338,fb6c2871-b6b3-44cd-add5-19cd9d495146
12,E14000541,Barnsley Central,433721,408537,-1.49225,53.57237,48020058.5977325,38923.8794103196,cf1ba173-a5aa-4396-8fe4-8723eae80959
13,E14000542,Barnsley East,439730,404883,-1.40198,53.53911,86357349.1490173,50100.0856228659,e44d8fb0-39a0-4a06-b920-d8861bad226a
14,E14000543,Barrow and Furness,325364,484650,-3.14704,54.25207,279083698.676376,159727.511239301,bf25ffb5-9b66-4ea9-a74e-b893dba44428
15,E14000544,Basildon and Billericay,569070,192467,0.440099,51.60566,62781564.9441681,33372.2609974199,a9b79fd1-c40a-4e28-8e1e-70b60f4de4c4
16,E14000545,Basingstoke,465234,151979,-1.06642,51.26324,58460690.0271683,41291.5383543756,9c0cc855-029a-4e81-84e4-d22087f377c3
17,E14000546,Bassetlaw,469769,385125,-0.95316,53.35843,479339643.875305,123847.478049058,7871d18e-951d-438e-98b3-0f4f94193e00
18,E14000547,Bath,374692,164415,-2.365,51.37821,29991926.0433884,24788.1275613548,96e2cb7c-d84c-431d-bed3-b9488ca06357
19,E14000548,Batley and Spen,420570,425305,-1.68974,53.72376,53223037.5597534,38159.6735753873,286f8625-4987-4b64-881c-751cd118b30b
20,E14000549,Battersea,527494,175640,-0.16598,51.46537,10100996.4081802,21775.5605823107,04ad7f10-af61-49d1-9f0b-3c13ed44f38d
21,E14000550,Beaconsfield,498198,185455,-0.58484,51.55944,175935283.682808,89652.0852603595,f9a5a8a5-03f2-4efc-8a3f-21ed76591545
22,E14000551,Beckenham,540141,167040,0.012563,51.38511,35242031.922348,28757.0383124027,b1da10fe-fe0b-46ba-961c-7aaeaf302713
23,E14000552,Bedford,505470,248675,-0.46072,52.12634,34007566.8905029,29164.3534308391,fa6eef01-3353-4e2b-9e2e-9ff56f6027f1
24,E14000553,Bermondsey and Old Southwark,533844,178920,-0.07338,51.49339,10417256.985054,16918.7193658367,ae88f5c9-8048-4705-ab69-464f58fff967
25,E14000554,Berwick-upon-Tweed,404418,611896,-1.9318,55.40099,2383753322.70074,323166.387997245,844da50d-bf20-4fd0-b1b1-9b3538e3a4d5
26,E14000555,Bethnal Green and Bow,535338,182776,-0.05039,51.52768,9531309.80233765,13549.5390763113,deff3459-38a6-4f1c-a3d2-bee05fc43f47
27,E14000556,Beverley and Holderness,523452,430761,-0.12892,53.75861,775143058.14473,190369.518292363,288c360d-9146-4463-b7a7-b3b62c03ba9e
28,E14000557,Bexhill and Battle,572483,119005,0.453908,50.94467,528211944.020042,144995.389736811,e56a0419-8eba-46cb-88eb-f9398002786d
29,E14000558,Bexleyheath and Crayford,549969,175941,0.157459,51.46257,23619532.1358566,21758.4558538713,94088483-b661-4d23-bcd4-bfb74ce789dd
30,E14000559,Birkenhead,330479,388287,-3.04673,53.38684,24397539.2833176,20948.0481906216,eac52d9e-e996-4489-8212-11f8881a1457
31,E14000560,"Birmingham, Edgbaston",402500,283463,-1.96463,52.44913,28580261.1050262,24893.8922508161,bfe7ec5d-107e-4a1f-a270-dea4e7a15a75
32,E14000561,"Birmingham, Erdington",410573,292673,-1.84556,52.53183,21838574.4747543,21613.7284847665,22efb844-00d8-4fce-b1c3-24cadde1c418
33,E14000562,"Birmingham, Hall Green",408501,282513,-1.87636,52.44053,19026120.415947,21637.5338687192,c5186457-3387-44b2-b706-ee8754dfbf16
34,E14000563,"Birmingham, Hodge Hill",410878,287656,-1.84123,52.48673,20136493.5145416,26414.1278654656,82d03ef2-51b3-4862-b0cd-801ed51f86ef
35,E14000564,"Birmingham, Ladywood",407075,288133,-1.89722,52.49108,24816092.4595337,30953.1248080008,aae43200-3e94-4383-934a-70d6e709bdc0
36,E14000565,"Birmingham, Northfield",401888,279459,-1.97366,52.41314,25492538.085228,27636.162832156,bbef179e-8f99-4d91-9e4b-dfbc6c6730e6
37,E14000566,"Birmingham, Perry Barr",406035,291868,-1.91247,52.52467,26111412.0803223,25472.0229179466,d68c7de8-0c3d-4f59-82b4-38eaa1666d62
38,E14000567,"Birmingham, Selly Oak",406396,280770,-1.90736,52.42489,21495606.9311829,25781.5648375218,f271a2c5-bf5f-4dda-8a73-a3f6acfaf8e5
39,E14000568,"Birmingham, Yardley",412993,284792,-1.81019,52.46093,21135231.4062271,24428.0145351863,b2aca5f9-56bf-4099-9130-34fb37b7ff44
40,E14000569,Bishop Auckland,400989,521813,-1.98621,54.59151,921889824.116699,175676.594867745,b395e36e-b451-4185-b5c1-89ed130db408
41,E14000570,Blackburn,367092,427991,-2.50047,53.74726,39681424.6604767,26856.5685699227,d46f670d-4a8c-4136-82c2-27d98e60d7d3
42,E14000571,Blackley and Broughton,384164,401961,-2.24027,53.5141,27347983.1137848,29227.6257930099,227aa392-70e9-4919-9275-5bde0bb54dc3
43,E14000572,Blackpool North and Cleveleys,333054,443884,-3.02,53.88681,22748590.6153259,27989.7524450258,5d03a333-278e-4a12-9f59-e52aaaf67dc4
44,E14000573,Blackpool South,332819,433903,-3.02139,53.79709,20873501.0055389,20852.0040172409,43e2cc07-bfe4-43af-ac7b-e1ff0bb546a8
45,E14000574,Blaydon,417664,559652,-1.72588,54.93124,111632547.789581,61956.6935194578,5297f846-a8a0-4d97-afa4-5525553ff076
46,E14000575,Blyth Valley,428120,577680,-1.56095,55.09276,70876664.3177948,40538.868264676,eec7eaed-f651-4e87-a918-3d2433532f7e
47,E14000576,Bognor Regis and Littlehampton,494563,100500,-0.65959,50.79635,61947503.6841774,47864.6072215701,e69c6ae5-d553-4689-8893-3301bd463248
48,E14000577,Bolsover,447997,366869,-1.283,53.19676,226173172.874786,98675.6886334454,d1b8343d-e7fb-47af-bca0-02bd58f0d4d1
49,E14000578,Bolton North East,372934,412475,-2.41053,53.60814,34585868.7635803,29446.7561492473,79c73123-4ed0-4f87-9711-087fee0c9124
50,E14000579,Bolton South East,371679,406344,-2.42894,53.55297,36929416.4374237,30643.3964928158,8aea24ba-5b1c-40ac-8e81-5a8bcdcdbeb9
51,E14000580,Bolton West,364518,408253,-2.53724,53.56969,72789137.3639832,45068.1565667701,8a78bfe2-8e7a-45fe-bc12-949c5d447cbc
52,E14000581,Bootle,333915,397229,-2.99696,53.46765,25550666.6880035,22127.1397020677,38119781-377f-4b44-8ae2-ce0d3daac777
53,E14000582,Boston and Skegness,537721,349837,0.052108,53.02812,708192343.887314,166693.053218396,90696dba-22a3-4eae-aa9b-b53af4fa5404
54,E14000583,Bosworth,439538,301379,-1.41755,52.60877,292221964.415848,92799.4503245623,2d5ae288-e1db-4f3e-ba4f-59a4ad6298a1
55,E14000584,Bournemouth East,411609,93659,-1.83682,50.74241,25796573.7465172,33320.3018014059,6d2d1d57-66cc-4132-b1fa-a8e05e1d7f84
56,E14000585,Bournemouth West,406759,94024,-1.90555,50.74577,27201925.4548187,24261.273613106,a9dde8ec-90ab-4e27-ab83-3460252398a2
57,E14000586,Bracknell,483650,165246,-0.79942,51.38011,73786148.9998245,41655.8182934304,48911c4b-33f8-4d79-82c0-93da87d99fc4
58,E14000587,Bradford East,417427,433388,-1.73692,53.79652,27631525.4245148,30267.0745960776,ab6432b3-d4d2-4bf4-9422-374587327953
59,E14000588,Bradford South,415841,429295,-1.7612,53.75978,44875219.5312042,47713.0277513694,e04bf290-48e9-4e38-a16b-9be979690359
60,E14000589,Bradford West,412492,433844,-1.81182,53.80076,35822495.6642761,31864.2942312433,73bb8012-df35-43c5-a975-2773a894bf3c
61,E14000590,Braintree,577253,232652,0.578651,51.96409,464801254.494957,113419.117173398,4a89e09a-a765-46f7-b1f0-8ef521503bf1
62,E14000591,Brent Central,521542,185233,-0.24832,51.5529,18672359.1109161,22549.8433273114,f34cb858-86b6-4881-9e62-733c16bbb157
63,E14000592,Brent North,518092,186649,-0.29758,51.56636,20457939.0811691,24696.6338113627,1d249b5b-957a-41ec-99a1-e28520cd4837
64,E14000593,Brentford and Isleworth,516569,177053,-0.32272,51.48043,26635200.7093201,38577.310675266,30f77c13-7554-4373-94bb-29b892c3743f
65,E14000594,Brentwood and Ongar,556779,200101,0.266181,51.6778,315653720.973038,86188.3822427418,8fab0f30-5b3a-426b-9fa7-6531f3f32476
66,E14000595,Bridgwater and West Somerset,302017,136701,-3.4014,51.12118,1084849539.68882,233004.778887355,7ae0deea-8065-451a-adfb-3156595e7013
67,E14000596,Brigg and Goole,476705,409463,-0.84303,53.57618,640004904.847748,189405.092965311,4149efbc-0650-4ae4-a4e1-8265883db07a
68,E14000597,"Brighton, Kemptown",534575,104474,-0.09068,50.82416,39364954.2106972,40627.2791576486,90ca4cf2-b2bc-4885-bca9-1c2c69704185
69,E14000598,"Brighton, Pavilion",531231,107527,-0.13704,50.85237,29415027.4578857,30181.0330277065,e7ca0499-a867-4750-bbf0-40818e951e86
70,E14000599,Bristol East,362430,172547,-2.54204,51.45065,23075576.053875,28081.8043505586,22798452-5e0b-4961-9c83-e7eeb5060cc3
71,E14000600,Bristol North West,355048,178219,-2.64899,51.5011,46064355.6493225,54971.3260829347,2fd6ffd8-bf8b-415c-b99b-ce6249b65b13
72,E14000601,Bristol South,358409,169600,-2.59956,51.42387,25224763.3500328,19741.838801087,21b1b339-0b07-499f-9e35-58a6b02bc79e
73,E14000602,Bristol West,359407,174253,-2.58574,51.46578,17043760.3124084,16873.5243663218,dc0c8482-4665-4d66-9999-76caa24393d8
74,E14000603,Broadland,617274,321242,1.217577,52.74513,764880016.954742,238295.390170296,27187ec8-a58f-4878-9f02-0ade394d9dd8
75,E14000604,Bromley and Chislehurst,542970,170358,0.054525,51.41422,28322481.896347,31043.988096265,bbe8969b-3970-4853-bef5-6f6bf6b59cc5
76,E14000605,Bromsgrove,399840,273736,-2.00376,52.36169,217814438.251938,90617.2449882766,57c47d0f-1e04-4ebf-902e-d659a3a1d766
77,E14000606,Broxbourne,534218,205427,-0.05786,51.7315,67738690.4932632,43176.9560029679,cb4bd85f-c7a1-45b0-8091-c3e8bc2e37ce
78,E14000607,Broxtowe,450754,346085,-1.24501,53.00969,65114538.5997009,46659.713786347,21f674ce-7a13-4cd8-896a-d01b550f0248
79,E14000608,Buckingham,477468,222419,-0.87559,51.89495,868922903.142876,211153.862661505,435e28c1-9e81-4620-8ca9-e3ce5fb0a7ec
80,E14000609,Burnley,384886,430882,-2.2308,53.77406,112944182.605194,48937.3213038284,8ab2c2bc-779c-4efe-81a6-23d2dd58be28
81,E14000610,Burton,404371,334742,-1.93644,52.9101,244982902.601448,126644.365495544,401f910d-a6b9-40b9-8004-77663229fa6d
82,E14000611,Bury North,379312,413523,-2.31421,53.61785,51158090.3665161,36136.0998736919,52b5744e-087f-430a-b08a-89e6dc639a85
83,E14000612,Bury South,380354,406519,-2.29801,53.55494,49247887.339035,38981.3358977496,dbfebe20-b44a-4c62-a202-2d84e83d9652
84,E14000613,Bury St Edmunds,594529,264764,0.848119,52.24668,504293288.55864,146823.325835136,163381c6-4349-46e2-9fae-0b7f2ded4903
85,E14000614,Calder Valley,403388,423842,-1.95014,53.711,308774544.935089,105898.555271681,b22898b4-9ca9-49b4-8453-9e15a9e054a6
86,E14000615,Camberwell and Peckham,533978,176264,-0.07246,51.46949,12338937.0089417,16764.1126143512,b6e3a57f-a003-4199-85e7-898981ecbdd4
87,E14000616,Camborne and Redruth,171361,37224,-5.20458,50.19078,279412099.370066,123181.097563039,65e034fc-0398-4e2c-a63e-6b437930f0d5
88,E14000617,Cambridge,545420,257901,0.126436,52.20017,36568210.0968781,33763.8304218822,2ebf93f8-dc0c-46db-ab5f-5570a6f5d822
89,E14000618,Cannock Chase,401261,311553,-1.98277,52.70166,79378502.4550934,41974.1311146683,eb17fd10-8031-480e-825c-846273151bbd
90,E14000619,Canterbury,615366,155813,1.085433,51.26078,247509403.812187,95359.8368765153,4c686e50-d4cd-4ebe-964b-1cb6e4fea402
91,E14000620,Carlisle,339754,552332,-2.9401,54.86213,212489791.177551,101326.156636336,da231a86-cf4a-4b34-9115-20283e383bdd
92,E14000621,Carshalton and Wallington,528290,163524,-0.15891,51.35631,26076168.6133728,25039.9799281456,9085c9f3-f21c-426d-a134-55b679ea47f0
93,E14000622,Castle Point,579493,187920,0.588127,51.56159,45050836.4336624,54131.3554192505,a6c14037-210e-4f96-be71-d5c9a50f90b9
94,E14000623,Central Devon,272816,92579,-3.80304,50.71887,1412882383.01028,249673.421073229,8e0098d7-9487-48f1-88e9-1379a7be07c9
95,E14000624,Central Suffolk and North Ipswich,619438,262142,1.210705,52.21378,794013034.225601,159041.56439786,9546f8e6-1b52-4159-ae53-7caf2b8af2b6
96,E14000625,Charnwood,458718,311188,-1.1326,52.69521,171740946.191795,100286.300696918,fb77c8c7-8ed9-4f04-87ef-77c7dff3ee0f
97,E14000626,Chatham and Aylesford,574815,163049,0.508434,51.33964,62271440.7727661,51347.1433148589,69cde188-def4-421d-946b-2c350cb88cc5
98,E14000627,Cheadle,387556,385605,-2.18847,53.36718,40374852.3762512,32762.3905087132,df536722-aa90-440a-aafe-a73da8a70b03
99,E14000628,Chelmsford,571558,205432,0.482346,51.72137,41160316.4498215,32460.633013784,54ce279f-0886-4b8c-8baf-3d0988e7c44c
100,E14000629,Chelsea and Fulham,525981,177080,-0.18724,51.47865,8214131.64030457,14080.0141809373,9b3f9fea-92ef-48da-bc03-5f4b81f1eedb
101,E14000630,Cheltenham,394670,221154,-2.07884,51.88892,37144088.4768524,27447.0954119755,06e63087-eefa-42a2-8cc9-f3f4bfee3b70
102,E14000631,Chesham and Amersham,495432,198692,-0.62112,51.6789,196164977.683487,71724.7446333621,9d1cabef-af1e-4edb-9d80-b8425b874e51
103,E14000632,Chesterfield,440100,372488,-1.40049,53.24792,47587698.4794464,35538.3060598026,1d8310ec-422b-407e-b1cb-72d9e85d2704
104,E14000633,Chichester,490172,116639,-0.7179,50.94214,620947481.277161,198324.352800326,7d1ce5a6-82c7-4764-bbd2-5be11e00ff46
105,E14000634,Chingford and Woodford Green,538753,192824,0.002762,51.61714,19780736.6456375,19349.0357365688,af55eb29-e157-493c-a556-11bcae05ba2d
106,E14000635,Chippenham,385912,164689,-2.20381,51.38107,167853075.917217,74551.242604167,f427db1b-7336-40d2-8926-471f4f67c3ca
107,E14000636,Chipping Barnet,525720,194355,-0.18483,51.63396,34741351.0838242,31522.9662711459,244c8a99-c1bb-4109-b545-50c4e58eb37f
108,E14000637,Chorley,358735,418081,-2.62586,53.65759,154549701.870697,64275.4336406798,47a98494-1681-4737-8324-0ad57af42219
109,E14000638,Christchurch,412843,100942,-1.81908,50.80788,106200670.860947,72233.9122272115,afaf865c-6920-45ae-bf73-d62b31e6df76
110,E14000639,Cities of London and Westminster,528186,180100,-0.15441,51.5053,16184524.7618256,26944.0464432463,97961cad-d545-4de8-a92d-c44971402306
111,E14000640,City of Chester,339232,361928,-2.9101,53.15102,132419207.116585,72001.9683112404,488fc296-7d43-4027-b450-a3f7942e45da
112,E14000641,City of Durham,427184,541519,-1.57902,54.76787,185911382.981186,84383.4441549203,c078732a-199c-4c27-8b8e-d95229392d19
113,E14000642,Clacton,618205,219639,1.165613,51.83273,131037820.001396,103704.877520324,b5ea725a-d80e-4292-a016-86e1ffabb26b
114,E14000643,Cleethorpes,516877,415684,-0.23427,53.62467,329151914.308167,135678.635299735,57a6413e-b273-44dc-8926-781c5df66ab0
115,E14000644,Colchester,599674,224891,0.900077,51.88681,44300941.5209198,29081.3510582218,79de6cf3-a9e4-4180-ab23-701d8064ddfd
116,E14000645,Colne Valley,408584,411123,-1.87177,53.59662,179620811.232285,64568.2927681701,f4e2d903-8a7c-4cf4-81de-652134b4e8bc
117,E14000646,Congleton,380524,363233,-2.29277,53.16587,212187634.221397,81789.9630853638,46978c96-7613-4bff-8d3c-32ffd1bf8af5
118,E14000647,Copeland,314474,504226,-3.31976,54.42625,1185778462.6225,209717.555889242,45f00805-587d-48ad-b21e-0ad82a26b03f
119,E14000648,Corby,496882,284832,-0.57575,52.45287,553802154.913246,137073.066957444,cb843db1-5828-4d20-8985-d3a25cf9c6a6
120,E14000649,Coventry North East,436254,281108,-1.46825,52.42677,26339586.8848724,24497.1561345839,ffce3b60-b6e8-4660-89af-4d5162a83ecd
121,E14000650,Coventry North West,430295,281733,-1.55582,52.43275,39938409.5184708,26679.7515224088,79ad5000-f76e-4c24-ae85-308fdd80d8f2
122,E14000651,Coventry South,432903,277293,-1.5179,52.39269,33462606.7860489,35579.2272144329,6d53ac88-b1fb-42a8-8284-760d433b1071
123,E14000652,Crawley,526390,137581,-0.19533,51.12357,47094779.9226303,33800.2850942533,c9805b61-2306-49ea-8674-59043846bb35
124,E14000653,Crewe and Nantwich,371379,350813,-2.42844,53.05381,133802819.551514,51478.1116440532,8ecadc98-3dc8-4351-9f7b-e31078b42716
125,E14000654,Croydon Central,535760,165278,-0.05102,51.37034,25820659.2675247,24447.6839213749,1fa120db-f8e8-4bc4-a036-855b435eb799
126,E14000655,Croydon North,532367,168763,-0.09844,51.40246,17415283.2948303,16818.4692221207,91a4ceb4-ece4-4cbd-9c80-6fd74510c9d1
127,E14000656,Croydon South,532475,160711,-0.09989,51.33007,42502128.9328003,30901.3116096719,fb1de711-de04-4091-9879-8943aabe6e56
128,E14000657,Dagenham and Rainham,551633,183166,0.184497,51.52705,40633234.5258636,39636.70106726,aa47992e-8636-4f70-9289-df8aff7f60ec
129,E14000658,Darlington,429096,515409,-1.55189,54.53313,30216218.5129242,25745.3279274061,b4e99140-8610-4aa2-ad58-4303ed81fb58
130,E14000659,Dartford,556489,173120,0.249994,51.43547,85362018.6216125,57725.9968927289,210f58e2-db4e-4ab2-9740-df800d280ea2
131,E14000660,Daventry,469194,268437,-0.98648,52.30971,747888489.968224,173443.031091388,fb5df01b-adbc-4f0f-8fbc-126c916539c7
132,E14000661,Denton and Reddish,391356,394907,-2.13162,53.45086,25753473.0000458,31806.4603412265,d48dd9e5-5e80-4b84-953f-fee14cea5efd
133,E14000662,Derby North,432424,336128,-1.51918,52.92161,28273946.1429443,29423.1611199126,bbfd39b8-b0ef-4c9e-8d87-325ecd777053
134,E14000663,Derby South,436265,333095,-1.46239,52.8941,31207063.3813171,25134.8311610551,fffd2395-6854-4729-9ed7-d8b985e74ce8
135,E14000664,Derbyshire Dales,420968,359001,-1.68809,53.12778,911068967.80497,201891.208967566,57533d82-7d7b-4344-9b30-3d186f0d01bc
136,E14000665,Devizes,413668,161526,-1.8051,51.35264,1027337989.19948,173900.225648383,7f41dd6a-3638-46df-acb9-5f747dd5d908
137,E14000666,Dewsbury,421195,414257,-1.68102,53.62443,126411997.307602,61905.7127484702,6e61f1b7-a191-425b-a5c4-fcd54ad40a55
138,E14000667,Don Valley,460102,396080,-1.0963,53.45807,249100144.880875,105202.230808717,58384269-46e2-4642-82a7-bcf083ad1e5e
139,E14000668,Doncaster Central,460833,404244,-1.08372,53.53136,59095500.6174316,43343.9989050542,6b4df5fd-5151-4e29-8c13-3f1dd2133deb
140,E14000669,Doncaster North,455325,408912,-1.16598,53.57392,259016164.810577,101916.291803238,bf6c6a29-421b-4210-913f-4c35046dadaa
141,E14000670,Dover,629114,147137,1.276606,51.17754,211384404.539368,80161.1174476927,42af4ef8-c8ea-4d12-8773-7c9e5cd68282
142,E14000671,Dudley North,392287,291911,-2.1151,52.52503,23235407.7388458,21815.5624883913,e5d40cfe-85f9-4bbb-a48d-0bb895a8df74
143,E14000672,Dudley South,391503,288292,-2.12656,52.49248,24419482.5874481,22215.3537407729,c07c4a6a-94dd-4ba8-9e08-9d8f405d5257
144,E14000673,Dulwich and West Norwood,532835,172744,-0.09023,51.43812,14249378.122963,17747.7935612929,05ad452f-bf4f-45be-836a-c7ed4d46e9cf
145,E14000674,Ealing Central and Acton,519020,181117,-0.28607,51.51644,16797752.2967072,18931.2288438262,d0beab0a-43aa-45d3-b74c-282c16aafebc
146,E14000675,Ealing North,513799,183122,-0.36063,51.53554,22620181.1274261,22224.3624089909,cda05c64-111a-49a0-bf76-1e7193081115
147,E14000676,"Ealing, Southall",514022,180335,-0.35832,51.51044,14769382.7984238,20369.9485217952,e20b9dcc-f828-4d52-8b05-73bf433ccd0f
148,E14000677,Easington,441536,544396,-1.35555,54.79275,118522783.921127,60931.7170980898,e6442267-1ad3-4841-96cc-07e8040a365c
149,E14000678,East Devon,305688,90915,-3.33711,50.71018,331378928.519901,87476.961099378,766d2eb8-a6b3-4df7-99fa-eff35a086a4c
150,E14000679,East Ham,542704,183066,0.055831,51.52848,18958173.8299026,23531.2884736654,7fc49ab5-abad-42aa-b8a3-d6476d4f1146
151,E14000680,East Hampshire,474408,130898,-0.93931,51.07259,464146560.348148,107377.462436565,7c408551-61e2-487b-8e20-b18e69f5bb56
152,E14000681,East Surrey,535127,149673,-0.06601,51.23025,260075456.792389,74783.0860110731,629bfff2-6357-427e-ae88-da34b1a90d85
153,E14000682,East Worthing and Shoreham,516691,106109,-0.34395,50.84274,53950642.8829155,45735.7438177022,d572ab01-d39c-4ea6-9655-96de6795ac1d
154,E14000683,East Yorkshire,494363,455529,-0.56236,53.98722,1050840031.51604,214548.915379396,39a16685-49b6-41ad-873e-77072378eaaa
155,E14000684,Eastbourne,560047,100414,0.268914,50.78121,56150435.9428253,30907.9471259498,3adab507-3106-4f06-b4f4-93878eac2da1
156,E14000685,Eastleigh,447457,116523,-1.32584,50.94619,73169067.293148,54290.7886288488,fa75fc19-dad7-45ed-aac7-109bbcf09080
157,E14000686,Eddisbury,355956,357876,-2.65949,53.11625,714494611.736305,165801.811242012,1b7e1b44-29c4-45db-b77e-f19db00a0e0b
158,E14000687,Edmonton,534700,194035,-0.05527,51.62901,20042806.2018356,19788.3010916423,bf7c63ef-e516-4d2f-a776-36644b9e2ee0
159,E14000688,Ellesmere Port and Neston,342023,374067,-2.87058,53.26043,119893064.216721,87864.1681819443,8b5ce0df-5573-4829-b695-b9f8c86a204c
160,E14000689,Elmet and Rothwell,437927,442176,-1.42463,53.87442,246258571.367035,100528.820961614,f5df3327-fe3b-45a6-beb6-10925d00d84d
161,E14000690,Eltham,542695,174623,0.052291,51.45261,22072702.1270142,21431.9508628079,01f4672a-de44-4302-a226-4b165b672c72
162,E14000691,Enfield North,533311,198224,-0.07373,51.66698,38713635.2584305,30464.9944018087,0ec74640-def2-43f1-b19f-746e8536bc61
163,E14000692,"Enfield, Southgate",529425,196198,-0.13064,51.64969,24657449.980629,31710.0349598173,5d40a7e5-7f65-49f6-abd1-0649e3896917
164,E14000693,Epping Forest,542999,199637,0.066831,51.6773,124580655.524002,60256.6416587886,ef81c228-0b46-4153-9ba3-7ce6dc5540f7
165,E14000694,Epsom and Ewell,520890,161160,-0.26593,51.33668,51106988.0890732,32418.5613717257,1035cbac-4bf9-4f4c-938d-9e43de93ba6f
166,E14000695,Erewash,446887,337932,-1.30382,52.93676,61769243.5738373,43410.4068961958,76e4a7ef-276d-4a07-bc63-2379af8842ce
167,E14000696,Erith and Thamesmead,547902,179126,0.12906,51.49174,23106917.4903412,19487.6615263618,90dc163a-22d2-4f9d-ab28-a6030f2dd7b5
168,E14000697,Esher and Walton,513123,163563,-0.37662,51.35988,78538240.4015503,39386.4866938383,25529d90-03c3-4033-b330-c4d64c29bd58
169,E14000698,Exeter,293161,92888,-3.51504,50.72574,37550317.4923134,28016.2483957903,6c3eaac8-2165-4990-b5fa-10369a7c16b4
170,E14000699,Fareham,455619,106742,-1.21115,50.85751,62704877.8021088,51940.3299030198,5a5c5c7e-93b8-45c0-a26b-b6e0802b8a5e
171,E14000700,Faversham and Mid Kent,589077,153140,0.707712,51.24608,390241287.554985,126246.810269775,42440fce-5a3e-41b8-af7e-bf5e91ced874
172,E14000701,Feltham and Heston,510743,174852,-0.40727,51.46181,29666977.8084183,30021.791963426,f82b6583-c3f2-47a5-b513-b34d81cb62e6
173,E14000702,Filton and Bradley Stoke,359919,181654,-2.57922,51.53236,79416594.5722542,52384.0574514147,646013b8-bbae-462e-9650-f3cac86292c6
174,E14000703,Finchley and Golders Green,525191,189002,-0.19437,51.58597,21463150.3694763,21436.9305723286,03d8f608-c5d2-4a8e-b474-defcd37757f5
175,E14000704,Folkestone and Hythe,610318,138085,1.002823,51.10347,433891397.915993,131547.184172279,6d45b932-9fc1-4c46-9e66-dc86921d47a0
176,E14000705,Forest of Dean,370366,223234,-2.43216,51.90685,585039891.482159,186249.21458881,797af699-9a41-4936-a050-0cfb0aa623bd
177,E14000706,Fylde,340574,433972,-2.90369,53.79865,172452890.066238,72128.9849946879,14b8be24-3c1f-4b0e-82d6-2cfb967b65ed
178,E14000707,Gainsborough,499314,390326,-0.50774,53.40044,1205262337.38638,217859.280979979,4674210d-2966-4ba7-b6ea-da1d69e3d62f
179,E14000708,Garston and Halewood,343589,385827,-2.84921,53.3663,50980685.7618332,32690.4277058544,712e63c2-6854-4f3b-aa3a-8aaf72a7b8be
180,E14000709,Gateshead,426033,561058,-1.59515,54.94351,23721939.4220734,28230.8890216616,fae9b972-0579-4990-b66e-26aef567e458
181,E14000710,Gedling,462238,343793,-1.07432,52.98788,38842980.1747284,37459.1970598617,0663ef8d-c3fb-474d-8d5c-5c7657c56889
182,E14000711,Gillingham and Rainham,580021,165777,0.584473,51.36253,29919061.1748734,32164.4159083104,af5314b5-cf24-4465-bc27-9455b783b273
183,E14000712,Gloucester,384048,216342,-2.23296,51.84545,38012852.3550568,28756.8622743883,49155225-cde6-4689-a641-248ede9b931b
184,E14000713,Gosport,458437,101444,-1.17196,50.80959,35430987.0775299,35146.4961781395,ccfb11a0-c439-45d9-97d9-609e398e2572
185,E14000714,Grantham and Stamford,502953,323566,-0.47439,52.79985,682564537.548569,150071.716488969,ec6cccb6-91f9-4c8d-8c3f-77e23dd245cd
186,E14000715,Gravesham,566969,169114,0.398744,51.39649,97917199.1551437,50086.799379929,f2f708a4-6589-4428-9c90-e2d58e725941
187,E14000716,Great Grimsby,526243,407997,-0.09584,53.55345,28314636.9220734,24918.1645369328,9cdb1b3e-a4aa-45aa-ac7e-c6be11c9c549
188,E14000717,Great Yarmouth,646761,315881,1.64951,52.68439,176774668.166656,97863.1225796961,7c87afec-ab6d-4166-84b8-4bed417e3d62
189,E14000718,Greenwich and Woolwich,541982,178079,0.043424,51.48384,16143141.893425,29676.402429866,66e7a40f-a437-4916-be55-ff463483d3a8
190,E14000719,Guildford,499332,149060,-0.57866,51.23208,186093888.386909,96791.3172912838,677b9b79-012b-4421-82b3-45d1ce4a492e
191,E14000720,Hackney North and Stoke Newington,533597,186241,-0.07416,51.55923,9648873.61125183,13106.9137010289,2d85dde1-a9f1-4440-b0d1-c38c3d7a34b5
192,E14000721,Hackney South and Shoreditch,534516,184214,-0.06169,51.5408,10642989.4051666,17480.6663230103,f51e8999-54ad-4ee4-b967-3d4183e32aac
193,E14000722,Halesowen and Rowley Regis,396407,285885,-2.05431,52.4709,28861765.6191711,26851.6864650618,49ffa771-e0c9-484d-a40b-efa8f0a83214
194,E14000723,Halifax,408844,427072,-1.86739,53.73997,58230711.5798645,42792.3364340697,02fb83c7-a3ee-487f-b646-0e8046d92c8f
195,E14000724,Haltemprice and Howden,488260,432100,-0.66215,53.77778,435211217.571289,136917.436738344,8abb76dc-d703-4ac7-aca6-aafde0d58077
196,E14000725,Halton,350931,385329,-2.7388,53.36255,51040933.6861954,54200.3670622403,d597a2be-a8e2-463e-ad5f-415bd17ed421
197,E14000726,Hammersmith,523263,179603,-0.22548,51.50193,13008914.7231293,17910.0278324688,85904a9a-2d97-4508-b852-f2fa76772acf
198,E14000727,Hampstead and Kilburn,525224,184366,-0.19555,51.5443,13053341.6679306,18294.9434599876,26d045bb-f938-4e0e-a377-288ca04551bc
199,E14000728,Harborough,467122,293799,-1.01179,52.53794,203736754.576225,87940.1297199091,a0b35dd9-10ac-4bcc-a43c-8ebe97401000
200,E14000729,Harlow,544823,209764,0.097401,51.76783,79142986.9769516,59636.5328162344,9835023a-e4e8-4cf7-8bcb-c5e8457f3b67
201,E14000730,Harrogate and Knaresborough,433783,459121,-1.48579,54.02699,148797519.172806,69841.7803083845,cdacdc68-118c-4f0d-9251-704c5f52b9f3
202,E14000731,Harrow East,516590,191685,-0.31757,51.61193,25927053.0449982,23272.4819820167,2ca91f4b-8899-4f1f-a51f-4bc6f8b30ecd
203,E14000732,Harrow West,514333,188002,-0.35135,51.57929,18266670.6653976,18854.7427852135,5feacae7-4456-4eca-b3d1-c4f24e19714c
204,E14000733,Hartlepool,447160,531474,-1.27018,54.67614,95455811.6393127,54409.7468988903,d3021d6b-cb43-4403-b921-51587e9a599c
205,E14000734,Harwich and North Essex,606261,226701,0.996735,51.90067,395660332.698105,205467.735365799,96e21618-ad8b-4271-81ca-39d3542ed225
206,E14000735,Hastings and Rye,586036,116839,0.645516,50.92101,177182324.882626,83904.2500693501,be68257e-6779-4cab-9a29-1d5dc835feb9
207,E14000736,Havant,471155,107783,-0.99025,50.86517,47970765.7350349,70026.5151261875,b2690481-3c5a-4354-8112-3461d300def6
208,E14000737,Hayes and Harlington,508168,177728,-0.44344,51.48816,45098948.6794586,30666.9941037225,960402a2-416c-4834-b496-166ff56099b3
209,E14000738,Hazel Grove,395593,389162,-2.06774,53.39928,57225723.8348694,36567.644353505,0d1618a6-baa3-42dc-b8de-425b2d2ba2a8
210,E14000739,Hemel Hempstead,503880,211168,-0.49526,51.78954,108183776.700668,58417.2788264362,c8396951-268f-46a7-8756-5aa216643527
211,E14000740,Hemsworth,440578,416338,-1.3877,53.642,150108788.143768,63610.4866915913,8eeb1297-dc7b-4b45-affc-dadcf9895809
212,E14000741,Hendon,521216,191861,-0.25073,51.61254,31218698.2456589,27264.0836506267,40465315-0d93-407e-9cea-cdadb29bbb9a
213,E14000742,Henley,461998,194072,-1.10542,51.64204,681247487.759567,202062.23874742,dfa4edf6-47d2-4cb3-bcc5-46faddf2d690
214,E14000743,Hereford and South Herefordshire,342783,230969,-2.83437,51.97423,722848226.90918,180274.754754152,082ac7cf-94b0-4432-b10c-ca2359e4a897
215,E14000744,Hertford and Stortford,540248,214919,0.033228,51.81531,156078222.765228,75519.8855374876,ae7416c3-41ce-4113-a3a4-93b301216ddb
216,E14000745,Hertsmere,519774,199352,-0.26899,51.68017,98416013.8927689,51593.3437531631,c37987b5-9b41-490b-ba9a-ef90e719ed8a
217,E14000746,Hexham,390211,567671,-2.15457,55.00351,2432706615.57535,306187.242456279,b5c121d0-63f7-4e36-817b-49c05ccdf7bb
218,E14000747,Heywood and Middleton,385746,412106,-2.21688,53.60533,71953189.5800476,45919.6227405598,5f73cff7-b8da-42cc-97cd-eb30e124d632
219,E14000748,High Peak,410473,387653,-1.844,53.38563,538555308.538559,134520.284664321,099317b3-d361-4d14-bc0f-6434320c850c
220,E14000749,Hitchin and Harpenden,517305,222266,-0.29695,51.88662,252991995.260086,115988.981566087,74aa088f-7dbc-48b6-9953-b9cde56725a1
221,E14000750,Holborn and St Pancras,529122,183936,-0.13953,51.53956,14380426.3864746,18183.0659682545,13221d6f-b82d-465b-ace7-ddfdc7b19cac
222,E14000751,Hornchurch and Upminster,556973,186879,0.263066,51.55895,58392599.2758484,43669.8935364319,8129dd15-625c-46c2-9c6e-40333ddae4a8
223,E14000752,Hornsey and Wood Green,529562,189748,-0.13104,51.59169,15524793.479126,20128.127318454,0435ad66-605d-41aa-b576-d36899060a81
224,E14000753,Horsham,516728,128429,-0.33628,51.04336,344884117.291431,129777.899346987,5af38c3c-3fb1-4cca-8827-fdc727a3b18c
225,E14000754,Houghton and Sunderland South,436069,550396,-1.43983,54.84708,66165761.2411957,37044.8924314845,ada07885-e2f9-405b-81ae-f55690a228cb
226,E14000755,Hove,526924,107167,-0.19832,50.8501,24549643.8587761,20041.1323885992,392e2714-f017-42f2-83d7-4ee4e8af612e
227,E14000756,Huddersfield,416063,417801,-1.75842,53.65647,46400426.717514,32920.228536606,81a31ead-771c-486a-8581-7eaff8fd88e4
228,E14000757,Huntingdon,518908,268395,-0.25759,52.30082,332077249.783752,143916.365371246,df71f323-34b2-45cb-bef0-c671eb6b65fd
229,E14000758,Hyndburn,374760,428559,-2.38425,53.75279,89982505.9589691,44221.4808382602,394c4d9b-bdde-4970-baca-990f5c62e11c
230,E14000759,Ilford North,544659,190971,0.087245,51.59901,30152245.5704346,25565.6747597491,d950b86b-899e-4797-b472-5f69ad7e52e8
231,E14000760,Ilford South,544662,186983,0.085646,51.56317,15024546.7895889,17019.9992309479,dc88ed1c-d43e-4dfd-9129-3807b40b592b
232,E14000761,Ipswich,617201,244449,1.166723,52.05584,32673521.4886017,28365.4070266969,63a11347-80cb-4bca-8254-5e9b25eb9b5a
233,E14000762,Isle of Wight,447183,85949,-1.33366,50.67129,376963713.470192,140481.411903192,027b3757-6660-40ea-81ee-ab83c115fad8
234,E14000763,Islington North,530597,186352,-0.11737,51.56093,6729593.47806549,13351.9780334606,575c530a-433b-4e49-85f5-9d90f4890f11
235,E14000764,Islington South and Finsbury,531411,183492,-0.1067,51.53504,6611890.86503601,12812.3289716955,c4ec5ec5-c9ea-4555-9a7e-738c872d9492
236,E14000765,Jarrow,431908,562657,-1.50327,54.95754,47165278.6495819,38069.3414393655,a0095b49-ebb4-47db-b89b-670068284e81
237,E14000766,Keighley,405388,444492,-1.91949,53.89658,167712049.462952,70215.9317950196,7570afb0-83bd-4dff-b112-46cc834c8c07
238,E14000767,Kenilworth and Southam,442375,260518,-1.38082,52.24124,621882069.973244,178045.289492248,2f24beb2-c179-4dc2-9c68-cb90b60afd11
239,E14000768,Kensington,525530,179393,-0.19291,51.49954,7433343.4394989,15599.0729245361,384c888f-84d5-4584-a816-e249a94b9e82
240,E14000769,Kettering,483866,282852,-0.76773,52.43723,235277400.137207,79992.8410715916,d7393ddb-50ff-4b8d-bb0a-edbfd325aff6
241,E14000770,Kingston and Surbiton,519508,166863,-0.28385,51.38823,28839536.6052094,27522.0065826773,9c7233bb-ef70-4577-973e-bad6cb7452bb
242,E14000771,Kingston upon Hull East,512459,431507,-0.29531,53.76779,28145379.8241577,26756.8128017037,0ece9c5b-f77d-4e15-8df5-acddfd041979
243,E14000772,Kingston upon Hull North,507982,431612,-0.36316,53.76968,25533177.3850555,26219.0644777908,7cc49c73-ca0b-417c-a979-a3522a0ab151
244,E14000773,Kingston upon Hull West and Hessle,507429,428283,-0.3727,53.73989,23322900.8997345,29236.7538673164,9f7ce44e-78b0-40fc-b9f3-e22722368885
245,E14000774,Kingswood,367364,172197,-2.47101,51.44781,42731135.412796,36984.5809230829,f74addd9-a956-4aea-8cc7-d4ffd40357cb
246,E14000775,Knowsley,343147,394435,-2.8574,53.44361,53582633.0130692,40158.4441963086,95aa6e21-f469-464d-acda-c29bf58d12c3
247,E14000776,Lancaster and Fleetwood,353827,456824,-2.70596,54.00537,436548202.959869,168390.863037907,b32f0c72-b809-4d08-b3fd-56e37ee45c00
248,E14000777,Leeds Central,431014,431345,-1.53086,53.77753,40677628.1989136,29388.6249568671,0f59a1eb-9dbd-47fd-b797-555b8aa62b3e
249,E14000778,Leeds East,435457,435028,-1.46302,53.81035,33767917.9113007,29861.2830977036,a4e6a825-d7bb-4c4e-a5ba-b884186c6cde
250,E14000779,Leeds North East,430948,438845,-1.53111,53.84494,38887721.0022278,27259.8255887578,326b6aba-a3a7-44ce-a40c-f09e2c3a5944
251,E14000780,Leeds North West,423969,440852,-1.63702,53.86335,60344923.6008911,48119.064269316,43788a5f-f82c-4327-abcb-05c975a4f8be
252,E14000781,Leeds West,425371,433988,-1.61627,53.80159,31077149.6670074,28988.366290237,a8c8a3bc-0088-4672-bf66-66adbb6b949c
253,E14000782,Leicester East,461961,305445,-1.0857,52.64323,23079452.4829865,19780.6653990823,6e6c8c84-3cf3-42b9-88f9-5876bbab9a61
254,E14000783,Leicester South,458931,302341,-1.13103,52.61567,21687863.6936646,20079.0686571035,d6033a58-02ee-4470-82b0-96ab164e5dc9
255,E14000784,Leicester West,456222,306111,-1.17039,52.64984,27667760.3372574,23626.0403714307,a6bc09f9-97da-4b2b-89c4-1e38aa52f0f8
256,E14000785,Leigh,365380,399154,-2.52322,53.48796,67406414.311615,44115.0527200548,db231a78-3792-4673-8081-b7b62fed8b7e
257,E14000786,Lewes,545745,107939,0.069175,50.8526,369137718.056313,123222.651056202,8e85b635-b8a6-453d-95d2-786e30907d61
258,E14000787,Lewisham East,538645,173591,-0.00636,51.44434,14597296.517067,22805.4656814248,a28774d6-ace8-41d6-a741-ca29809a52ac
259,E14000788,Lewisham West and Penge,536088,170861,-0.04418,51.42043,15529509.7864304,19738.0773474596,2cbf6d30-1525-4ba7-ba36-72df8b37cc3b
260,E14000789,"Lewisham, Deptford",537338,175928,-0.02425,51.46566,12209759.1131821,18215.6174072028,12605a1d-daea-4c78-9a56-0106b377762a
261,E14000790,Leyton and Wanstead,539833,187829,0.016363,51.57199,15528424.708519,16944.2625366521,84e645ba-5648-4e05-9542-463639eb0de2
262,E14000791,Lichfield,412222,317502,-1.82034,52.75501,328327467.040138,102467.938736155,2a75bdd4-a335-4b53-b793-8d88484b3f30
263,E14000792,Lincoln,495467,370186,-0.57163,53.22018,64135806.5219269,45686.6873450261,0557cac6-cff8-45f8-9ea9-0b31f92b3e26
264,E14000793,"Liverpool, Riverside",336390,388230,-2.95786,53.38708,25715724.6156693,27988.9913639937,3ad9ad1f-21f0-4373-8354-9f26f194aae5
265,E14000794,"Liverpool, Walton",336910,394442,-2.95129,53.44297,18876598.3511353,24897.593353773,821c4937-58fc-463b-afa6-a959c0154f8a
266,E14000795,"Liverpool, Wavertree",339023,390195,-2.91866,53.40505,16660885.4906387,20037.5693117822,2297f77e-37f9-4ff4-b634-ce791e9e3266
267,E14000796,"Liverpool, West Derby",339745,393988,-2.90853,53.43922,20649047.3471451,22776.8066573425,0b48eb46-1960-47f5-b864-0f0f5dd51060
268,E14000797,Loughborough,453782,319805,-1.20422,52.77318,129971094.361465,66381.9675670169,300d0311-7c85-4422-88f9-49a5adf1788f
269,E14000798,Louth and Horncastle,535171,382656,0.027963,53.32359,1380139080.24568,229088.076272419,6c91b0ef-8c06-42e8-9abf-d3e34e77895b
270,E14000799,Ludlow,350064,287901,-2.7368,52.48674,1549815314.10109,279523.2360505,7a5b30bf-8b21-4cde-b783-16d35fbdc052
271,E14000800,Luton North,507002,224395,-0.44592,51.90783,19390423.1649933,18943.2723299001,a465c5cb-c1ce-4d79-a514-16b0bcbe4e62
272,E14000801,Luton South,508555,220571,-0.42456,51.87316,54896419.9460144,33081.0693912739,b5c7e02c-0e49-4663-861a-19fd87b23389
273,E14000802,Macclesfield,390591,374746,-2.14253,53.26963,303294437.707565,79815.225660784,93ba1a11-8ee8-462f-85b8-bc257926e326
274,E14000803,Maidenhead,484372,178127,-0.78598,51.4958,183902813.374977,74123.2624228797,0b1efb82-9e70-4ae9-af0b-73d146b2ddce
275,E14000804,Maidstone and The Weald,575796,149217,0.515704,51.21509,220543352.815842,99075.012890711,f31da630-c2e8-4b35-8b7a-2dba6d78b8b7
276,E14000805,Makerfield,358215,402918,-2.6317,53.52127,54958763.4444733,42604.949848554,e08a7ab5-d23a-4d5e-8d23-36209863dabf
277,E14000806,Maldon,588455,201772,0.724714,51.68308,377426312.656158,203456.637966824,69c133a1-3bec-4772-ade6-0b6604afe7b7
278,E14000807,Manchester Central,386354,398829,-2.20711,53.48601,28134383.3294983,29219.1362899855,7ee74cbb-dc23-4199-9299-4582ef5ac81e
279,E14000808,"Manchester, Gorton",386935,395086,-2.1982,53.45238,17791167.7998505,22544.5603301729,df636d5b-c17b-4f08-b74b-49ef6f8f9234
280,E14000809,"Manchester, Withington",384007,392132,-2.24214,53.42575,18005606.3348389,22300.7400629389,546a30e9-44b5-4998-b457-8069077a2cac
281,E14000810,Mansfield,455047,363637,-1.17804,53.16703,78365962.7874756,45441.4125058636,78778b9a-456d-4785-b572-f68265161a30
282,E14000811,Meon Valley,462539,119561,-1.11065,50.97207,402895650.748451,114210.545320085,4400ed7f-28c4-42b8-8b5c-3fa0b53b3aed
283,E14000812,Meriden,418290,281449,-1.73241,52.43073,144532920.207703,82008.6901746301,6bcf7b71-ff3d-4bd4-b8fa-bde90c0256dc
284,E14000813,Mid Bedfordshire,504718,239346,-0.47456,52.04264,459012430.708656,138117.226789614,be394fe8-3991-4c23-8fad-e91ea86d72d9
285,E14000814,Mid Derbyshire,439738,341738,-1.40971,52.97155,90279572.739212,67774.5546527421,24dd6f7f-7853-4618-ad15-97eb53b63ee7
286,E14000815,Mid Dorset and North Poole,391550,94607,-2.12113,50.75099,175991905.976583,97605.038048369,8e82cf1f-da4d-4e15-9ad0-7395d5a1e437
287,E14000816,Mid Norfolk,597388,311524,0.917569,52.6655,763113097.843704,145419.24442617,06472c7e-9898-4fe1-90a8-c37ddb61937a
288,E14000817,Mid Sussex,527731,126921,-0.17994,51.02747,187047991.983036,116244.838961749,776174c7-a781-40a3-ac04-50b3e9c6e899
289,E14000818,Mid Worcestershire,393275,253990,-2.09977,52.18412,437773410.300491,187743.082395971,34c1b6c5-da75-416a-9477-b59d50486d57
290,E14000819,Middlesbrough,450293,518464,-1.22383,54.55893,28590845.8354187,34593.3412621773,d8b03bb8-1269-42e7-befb-bc79f2cc51d3
291,E14000820,Middlesbrough South and East Cleveland,465118,516437,-0.99507,54.53903,200756019.877548,87522.4384099412,cbd2f13a-abc1-431e-8672-e9624d60c654
292,E14000821,Milton Keynes North,486765,246259,-0.73449,52.10787,227893728.471916,69609.3788015646,2e666df5-64ee-4c46-9e01-48bd6652ab09
293,E14000822,Milton Keynes South,486555,236093,-0.74013,52.01653,81629986.0951614,53969.7061485506,f9d686c5-2ebb-4020-a3b2-13c57a1f42e0
294,E14000823,Mitcham and Morden,528027,168564,-0.16087,51.40166,16732363.0844498,22383.4595977915,9ca7bb8e-e941-436a-bc03-7803cc91b886
295,E14000824,Mole Valley,514427,147482,-0.36305,51.21508,369482008.656281,107369.273281738,e3f65d7d-980a-4287-8785-2afd669c0f4e
296,E14000825,Morecambe and Lunesdale,353442,468965,-2.7137,54.11444,256811654.846115,148007.464207105,eec58818-9797-41f1-bdee-cfd7b8eff2db
297,E14000826,Morley and Outwood,431161,425385,-1.52923,53.72396,67426797.6980591,50760.2013967105,daade9ef-ce3f-4a4f-b3a6-699b834d1e5f
298,E14000827,New Forest East,435182,105109,-1.50165,50.84443,397888596.250687,126431.118014986,449e1d16-9adb-420e-ae35-f118a118f477
299,E14000828,New Forest West,418341,108090,-1.7407,50.87201,356493031.17894,144570.172007746,9dfb8ba3-e0db-4dcf-81ed-5da82e61764d
300,E14000829,Newark,475944,357675,-0.86692,53.11088,699015979.151154,175570.152098452,c648251b-f9cb-4635-9aea-b585f426fa7e
301,E14000830,Newbury,447316,172095,-1.32053,51.44587,596177573.884506,130153.974993013,915b50d4-480d-413c-a6d1-524484d963df
302,E14000831,Newcastle upon Tyne Central,422342,565906,-1.6524,54.98725,22609033.7914581,19924.8964239348,e614a02e-b4eb-4e45-a345-7afc97972c1a
303,E14000832,Newcastle upon Tyne East,427215,565674,-1.57627,54.98493,18018989.2543182,21144.6929812234,f89ba4a5-e1ea-47db-9f1c-8dd3b22141f1
304,E14000833,Newcastle upon Tyne North,421039,569925,-1.67247,55.02342,70901472.8377533,51157.4945947244,4f66caab-0f4d-4777-bfbd-0f18dbbac419
305,E14000834,Newcastle-under-Lyme,380356,348791,-2.29439,53.03604,82262342.3416367,44994.4008705621,bfa8528d-1282-470e-adca-cd6d1b194afb
306,E14000835,Newton Abbot,288933,74357,-3.56936,50.55837,201554681.567923,89877.8937259734,b363501c-8a02-40b2-9b50-fc8c27ba61f2
307,E14000836,"Normanton, Pontefract and Castleford",446977,422144,-1.29004,53.69365,86488755.3971863,56906.155775035,d402af03-84d0-43ef-85d2-51271e526374
308,E14000837,North Cornwall,212024,78840,-4.65642,50.57896,1197626388.81607,277716.053090543,570611ab-1be8-4d79-b734-3fc7c444a87d
309,E14000838,North Devon,265112,132533,-3.92688,51.07621,1085577328.13674,223952.555044921,a86b0840-7878-49b2-92a5-ff0555e9c0a5
310,E14000839,North Dorset,390178,113278,-2.14109,50.91887,881934334.251259,179633.887220393,97ccc676-1e07-4576-b2f9-cb2909b068ca
311,E14000840,North Durham,423154,551799,-1.64084,54.86045,105388885.753189,55624.4070786923,01666603-165e-45e9-9c70-cca98cab6475
312,E14000841,North East Bedfordshire,509132,258803,-0.40399,52.21665,537363801.893463,164638.846291563,323bf9de-e1d7-4ee0-b9b0-f8f7df3c801c
313,E14000842,North East Cambridgeshire,537551,293449,0.025924,52.52158,729822306.734711,166806.5243619,9eb6e618-704b-47fe-9448-e165c7943675
314,E14000843,North East Derbyshire,437369,365923,-1.44219,53.18911,227527095.618439,118546.084270133,e15f58b8-cba4-4f99-883c-52f05308ab5d
315,E14000844,North East Hampshire,477217,151423,-0.89483,51.25675,402245259.956593,135515.108137001,590c7a5f-22fd-4c75-9740-d67db6ebc224
316,E14000845,North East Hertfordshire,533034,227734,-0.06642,51.93223,503120253.949097,136634.205279265,fce36cd8-865b-44fc-9234-4697c8a73366
317,E14000846,North East Somerset,364116,161999,-2.51671,51.35591,320189251.359127,131715.961027502,ee5c1b7f-f893-48bd-84a6-9f5f56e7efe4
318,E14000847,North Herefordshire,348792,251360,-2.74996,52.15813,1456832521.6756,286724.072484488,3f09c526-e588-4bae-908a-0d3e699fb595
319,E14000848,North Norfolk,623466,330857,1.315708,52.8289,725330130.208984,224407.896728255,b12b5bb3-732f-4a7b-9d18-d42d9bb982a5
320,E14000849,North Shropshire,349128,330083,-2.75711,52.86582,932549931.361305,217771.382363724,0cca3143-e416-4e26-b14a-2ba9ffd26f02
321,E14000850,North Somerset,347329,169215,-2.75885,51.41948,228500292.765327,88047.1828808548,a7d5504f-9083-4979-9b84-d337b7203bd3
322,E14000851,North Swindon,417320,190627,-1.75124,51.61421,103418848.759987,50495.9938709937,f58c2be0-0bec-44ff-a782-990f99b82190
323,E14000852,North Thanet,625035,165660,1.22999,51.34545,136483867.682846,67228.1986164173,32dba23f-031d-4d36-bf3a-342c4033e7a5
324,E14000853,North Tyneside,429481,568918,-1.54053,55.01395,45416171.7730255,43978.6036364026,ee2211f0-fad2-47e7-99c9-141384853a36
325,E14000854,North Warwickshire,424687,296012,-1.63725,52.5614,266599206.931511,117082.004872592,f0d49431-f49e-4f9f-b97d-956cf68ea8a3
326,E14000855,North West Cambridgeshire,522387,289492,-0.1989,52.48964,747998588.807343,196832.618938619,dcc541fe-6457-48f7-8674-3483da01678b
327,E14000856,North West Durham,404359,544373,-1.93373,54.79423,701106025.296967,166290.926638911,d8fdf995-1349-4517-85d1-cb894ab6cedb
328,E14000857,North West Hampshire,446060,151304,-1.34129,51.25904,588261062.988247,139429.710982072,07927e59-b0b2-42ec-aa11-2c57e5555c01
329,E14000858,North West Leicestershire,439107,316253,-1.42215,52.74251,278881681.093918,95534.4835387731,f32b66ca-8151-4930-9e03-89f743545dcc
330,E14000859,North West Norfolk,574445,328869,0.587897,52.82913,786794750.908401,217962.102727612,5e367279-adca-41dd-a9c9-60e2ef5f695a
331,E14000860,North Wiltshire,396155,182656,-2.05683,51.54278,714167632.499268,175991.802256932,92125599-5334-4be2-8307-443b09ddefcf
332,E14000861,Northampton North,477324,263094,-0.86848,52.2606,22059029.3486328,22056.5451644485,2b1c9482-04db-45fe-988f-48141c524355
333,E14000862,Northampton South,480096,261363,-0.82829,52.24464,32249998.020195,35701.4011704467,bd99d91e-444c-4e25-b33e-9a367d148db4
334,E14000863,Norwich North,623504,311332,1.302986,52.65365,35885413.6697235,30358.6394113478,979d06c4-3e67-4a5a-b8ef-10eb07c96c7b
335,E14000864,Norwich South,621220,308012,1.267054,52.62479,29346818.2028961,26147.2488630121,53276dd7-96c2-4956-87ea-8e3602bb0ed7
336,E14000865,Nottingham East,458309,341526,-1.13325,52.96795,18037749.2012939,20067.958876853,c2275245-2c5d-4418-8a43-ab70eaee1ffc
337,E14000866,Nottingham North,454115,344385,-1.19521,52.99408,24355225.2549133,29950.1234963569,cf323d52-cad0-408c-acfb-f782bf4e862f
338,E14000867,Nottingham South,454681,339273,-1.18764,52.94808,33251926.1845398,33810.5744595995,fafa7efe-c22a-479f-b6fe-cce88ad5863f
339,E14000868,Nuneaton,431696,292175,-1.53423,52.52654,80727947.0975418,48298.62915517,800b920c-cf2a-440b-a196-eeec9bb93a5e
340,E14000869,Old Bexley and Sidcup,547995,173624,0.128095,51.44227,23608617.9374084,24256.8627024365,8bf4fde5-ed36-48ff-aab1-7b5ebf13658b
341,E14000870,Oldham East and Saddleworth,398906,408181,-2.01799,53.57025,103998810.40947,49727.70348846,a5f4351c-49c4-4b9a-945c-8a24bfa2aad5
342,E14000871,Oldham West and Royton,390878,405957,-2.13914,53.55018,30517113.2092743,27642.1209603657,02dcaa5b-388e-4f10-b54b-d512cf391468
343,E14000872,Orpington,544861,162534,0.078513,51.34343,79476816.5607681,49379.1195397412,6e27af15-1d39-4d07-b43b-8fd574ebd0e6
344,E14000873,Oxford East,453747,205162,-1.22294,51.74259,31381848.1408234,25743.4514043499,58cf93df-79f6-4e8d-a10b-fd0be876db5c
345,E14000874,Oxford West and Abingdon,447998,207680,-1.30586,51.76575,126448633.980301,68553.4224862074,1fa04400-c78a-4ff1-a308-9268440cd3dc
346,E14000875,Pendle,387637,443368,-2.18957,53.88636,166932531.082458,66093.8760679595,8a52b060-1cb7-4138-ba12-c01ac36428b7
347,E14000876,Penistone and Stocksbridge,423088,401791,-1.65331,53.51231,294362059.926315,87849.2897501665,d28f5f13-907c-4daa-ad43-a5be5f5ce6c7
348,E14000877,Penrith and The Border,356509,545631,-2.67809,54.80366,3120520693.31834,422024.337995654,e1ffce1b-ef8a-4a1e-8e94-7b9cea4d5846
349,E14000878,Peterborough,524756,303751,-0.15867,52.61722,173056942.161774,60695.9431644392,4ca2577d-5a8c-45ef-947f-8050670e2104
350,E14000879,"Plymouth, Moor View",248143,59475,-4.13881,50.41544,33280249.6503468,30465.5048066865,7b09a3f4-1f80-4872-b243-254fa31c2557
351,E14000880,"Plymouth, Sutton and Devonport",247632,55528,-4.14439,50.37984,20683146.9067287,28070.5341205681,90c82c27-902e-47e6-9de0-4638b2726df6
352,E14000881,Poole,403952,91151,-1.94537,50.71996,30793895.1667099,49419.0791075399,a1f729a3-59f4-49e8-8aa8-8224005d64b7
353,E14000882,Poplar and Limehouse,537802,180645,-0.01573,51.50794,10254951.155571,21201.8216984254,adb70356-fc5b-48ae-8088-e62d74735b3c
354,E14000883,Portsmouth North,466076,105236,-1.06287,50.84287,27415361.2656898,48611.3685241791,d03da71f-234d-4625-b02f-c061c0ee523c
355,E14000884,Portsmouth South,465418,99876,-1.07317,50.79475,13574746.4467659,21950.33422129,ab4c27df-ff3c-4ad1-83f0-d5217228658f
356,E14000885,Preston,354516,430863,-2.69158,53.77212,27016419.2541809,29270.5551619755,50538725-ae46-43c7-a51d-a41c3e13977c
357,E14000886,Pudsey,422501,438013,-1.65955,53.8379,54348874.5954895,53229.8393227013,d5f1d103-d1d0-4c89-b5fa-432847b54805
358,E14000887,Putney,523538,174101,-0.22344,51.45242,12677250.7957916,17793.023656821,8ad31676-5a4b-4a32-8b44-2f9317d0c175
359,E14000888,Rayleigh and Wickford,584217,192876,0.6588,51.60459,113108128.789253,78109.9123981518,91383c02-6e54-4da1-b846-187cf27c0994
360,E14000889,Reading East,473252,173538,-0.94709,51.45609,27302949.4086227,35287.1349814878,418e5d25-6ad7-4d9c-8178-c8aea36320fa
361,E14000890,Reading West,467725,172896,-1.02674,51.451,50122794.7106857,39582.786432438,df1af12b-6258-4892-a0e2-cf892f5adab5
362,E14000891,Redcar,458876,521568,-1.09051,54.5859,71880769.6608887,52522.452401866,64ad5284-8f58-4df6-8048-f3b89acc5e70
363,E14000892,Redditch,401241,258510,-1.98324,52.2248,149361027.584846,74806.8561624824,79d97df0-1f71-4a4c-a799-09c711ebb1c8
364,E14000893,Reigate,525733,152598,-0.19946,51.25868,112676943.954987,57287.9031675712,129c8e88-1b2e-481b-a225-98811afd5ce0
365,E14000894,Ribble Valley,369881,446286,-2.45999,53.91185,634462964.693665,154601.305932545,2489ac8f-d79c-4b7a-987e-8cf857b56c8f
366,E14000895,Richmond (Yorks),412781,495786,-1.80484,54.35745,2078943207.10605,322340.180267539,6023bef7-092b-4403-a79b-717196c71da9
367,E14000896,Richmond Park,519834,173048,-0.27708,51.44375,37455153.8045578,39141.1905660738,7c6c72b1-50b1-4dae-b108-e135d12e4672
368,E14000897,Rochdale,392416,415285,-2.11616,53.63404,84779627.2809143,46922.9987414975,c50869dd-ec44-4a14-8280-4768de94c49b
369,E14000898,Rochester and Strood,578207,175198,0.563174,51.44772,149948297.748108,114712.021008754,f3f6c209-382a-41b7-9d44-f555db456f3a
370,E14000899,Rochford and Southend East,591942,188296,0.767716,51.56087,92294809.2000504,97792.6767605129,96f49c56-dcb7-4d01-a1fb-eaf67198fb55
371,E14000900,Romford,551408,190669,0.184483,51.59452,30748097.8531265,27524.325748891,73cf2208-ae1a-4244-9b7f-4b305fc6c40f
372,E14000901,Romsey and Southampton North,436034,128163,-1.48728,51.05168,421562605.499611,131275.916577442,c4334d3b-658e-497d-9396-6b366e47deee
373,E14000902,Rossendale and Darwen,372448,420953,-2.41863,53.68431,217235180.922272,104469.570901018,2271ae95-4f13-403a-bfde-6196aabff3f0
374,E14000903,Rother Valley,449699,386114,-1.25453,53.36958,167610475.690735,59687.1266900827,38f602d3-06d0-431e-a7e5-08bed31431ee
375,E14000904,Rotherham,442371,392231,-1.36383,53.42519,46184154.581131,41841.9501070999,51368563-99c6-404e-9e7c-9ceb43588d55
376,E14000905,Rugby,446258,281329,-1.3211,52.42801,245333248.259392,74980.5094681147,423d69c8-8185-4c09-90ec-79234907244c
377,E14000906,"Ruislip, Northwood and Pinner",508440,189156,-0.43601,51.59083,48407105.8917465,35599.4850059506,79328bfe-73b1-4b40-87bf-8aa641a35820
378,E14000907,Runnymede and Weybridge,503012,166627,-0.5209,51.38934,96105075.6845703,47246.6114857438,5608c3ef-469d-42d5-bb12-c1bb8ddd14ac
379,E14000908,Rushcliffe,462329,332669,-1.0751,52.88789,310418933.756393,94926.9463083724,b6939d65-95a2-4914-86f3-3fa9e30880b5
380,E14000909,Rutland and Melton,484648,311819,-0.74885,52.69746,1118664467.0946,186647.657359001,1a1012b4-8566-4b32-9478-9ed2782bdec2
381,E14000910,Saffron Walden,559858,226818,0.322981,51.91695,798503150.932472,162306.660116502,52e5f953-0f62-4e98-960f-d2812fd68117
382,E14000911,Salford and Eccles,379701,400390,-2.30747,53.49982,32494464.0245209,29112.0872592273,fc09cd29-2694-4c2a-80ae-bd97354177f4
383,E14000912,Salisbury,412885,132085,-1.81739,51.08793,612432224.072414,158234.698047824,41e31cfd-026e-4b81-8600-eabf64f3640d
384,E14000913,Scarborough and Whitby,485776,506114,-0.67886,54.44321,729933442.718796,179380.727578264,8ba8b63b-a0b6-42d2-b96c-613dc9e858e0
385,E14000914,Scunthorpe,494110,405551,-0.58143,53.5382,180899627.143982,76864.1660829806,37a7d45b-e63f-47a9-93d5-04fb324dfa48
386,E14000915,Sedgefield,431053,526113,-1.52052,54.62921,365817799.869339,151938.301808731,11778f00-8665-4f3c-af3c-269b9d626241
387,E14000916,Sefton Central,331660,404014,-3.0324,53.52833,83389680.9587555,61754.2260986234,e5a8b91b-8283-4819-b94b-0d1fc6952f9b
388,E14000917,Selby and Ainsty,449167,442159,-1.2537,53.87333,849625565.447968,223955.02501667,a90f98a7-6a8c-472e-bc2c-24e74e3f5778
389,E14000918,Sevenoaks,552010,159916,0.179962,51.31804,247576989.549072,83090.507870477,d9f80b6d-6f6d-445f-9524-b3e32928b818
390,E14000919,Sheffield Central,435726,386662,-1.46445,53.37563,20033168.5726624,26465.0385160046,6b2e4849-c344-47aa-ad0a-d70978f87cbd
391,E14000920,Sheffield South East,440551,388350,-1.39172,53.39045,45933038.2089691,42341.8996115077,57920eb6-7940-4267-a251-843ac3b059c7
392,E14000921,"Sheffield, Brightside and Hillsborough",435434,390928,-1.46837,53.41399,26127371.8285828,23329.7419514279,afb0c366-01d0-429e-b748-2c5080a61181
393,E14000922,"Sheffield, Hallam",426415,388888,-1.60422,53.39618,135905620.182846,64648.5746330069,8fedfb3e-55e1-4390-abc7-b37a3a0f9506
394,E14000923,"Sheffield, Heeley",436622,384071,-1.45128,53.35228,23984137.8017883,24375.7111545896,ac9deb41-c125-4cd2-a979-d45597f6e65c
395,E14000924,Sherwood,460406,358481,-1.09886,53.12011,305952862.270981,109274.293868404,755c79cf-ac95-4568-ba70-140ed7834759
396,E14000925,Shipley,412611,439633,-1.80977,53.85279,93807678.0605011,66703.0988191621,d39b01c5-b75e-4f59-832f-29b17c2bbdf7
397,E14000926,Shrewsbury and Atcham,346357,307554,-2.79458,52.66305,602861799.526108,132349.441435069,7af69f99-77a0-4b96-a6a1-6b4529642e5a
398,E14000927,Sittingbourne and Sheppey,586981,164704,0.683769,51.35064,238442405.790665,156407.99183133,a2f4bea3-4d63-4d55-bebb-8a63e938aed9
399,E14000928,Skipton and Ripon,398261,462236,-2.02806,54.05608,2094614037.97044,290959.053039952,c97778a8-2392-4404-91d3-3aea352d7bd3
400,E14000929,Sleaford and North Hykeham,503640,352930,-0.45484,53.06359,1120448333.20822,185967.786643752,9ee4722c-84e7-4081-8c8f-a2e770e738e1
401,E14000930,Slough,496543,180461,-0.61008,51.51483,26681529.3844147,27735.9507199814,dfc7c79a-914a-4e9d-969c-93dd90a9aed7
402,E14000931,Solihull,413056,280069,-1.80944,52.41847,34739931.7766495,24994.8057964909,2bd15e70-bac0-4afc-ace7-9ce5173e8115
403,E14000932,Somerton and Frome,364629,137237,-2.50689,51.1333,950569506.315052,211615.514657288,98ed697e-db57-491b-ab4d-b6aad313b268
404,E14000933,South Basildon and East Thurrock,568409,183316,0.426184,51.52365,129120501.94207,70226.9513418269,0baa1dc6-57de-4403-8626-577812e13189
405,E14000934,South Cambridgeshire,537837,254678,0.014247,52.17316,629048796.248466,183597.308491987,439f3c1f-e0b1-4740-97b6-922a3db77213
406,E14000935,South Derbyshire,431443,325363,-1.5348,52.8249,336768375.099052,130218.788224575,e683b637-d0df-462a-8cad-08efc4153380
407,E14000936,South Dorset,385853,85482,-2.20154,50.66882,367941967.967588,199590.243040369,24744163-13b3-4cc6-87c1-76f92fb2dfd2
408,E14000937,South East Cambridgeshire,553960,267334,0.255587,52.2826,750370932.111153,206918.168384716,0b3ada63-58f6-4b91-a517-8d551ac57bad
409,E14000938,South East Cornwall,226461,62950,-4.44533,50.44066,716898413.427209,246792.201943001,869c6cb7-10aa-4c8f-a85c-ee07b0ad22ac
410,E14000939,South Holland and The Deepings,532912,322822,-0.03058,52.78663,784552236.944473,152032.517248941,af913b7c-2cb4-4657-84fc-827de8949c9e
411,E14000940,South Leicestershire,454415,290699,-1.19962,52.51149,284424161.565643,84095.9990929947,27bcd71d-0da2-47b7-bfb1-03d20e05ffc2
412,E14000941,South Norfolk,629989,295823,1.387927,52.51176,794074799.92247,181165.447111218,96001412-182c-4aa2-98ef-9bd60a80b9dc
413,E14000942,South Northamptonshire,463451,246592,-1.07479,52.11403,606268313.51165,191505.264171172,59f43afc-317e-41a4-b9ec-30a22bba8c5b
414,E14000943,South Ribble,350227,421357,-2.75512,53.68629,196764272.144058,111006.250832709,6c20a5fa-1182-4f83-82a8-7bf7a1da3f31
415,E14000944,South Shields,437206,564560,-1.4203,54.97427,25343859.8719482,28808.5046229562,d4bb780d-2e32-484a-a8cb-7c8474649182
416,E14000945,South Staffordshire,389624,306836,-2.15483,52.65916,278346042.038338,127911.705520042,82b2f13e-57e7-4dd0-8564-2f23e6c4f8f3
417,E14000946,South Suffolk,599984,244716,0.916119,52.06471,649949146.062515,168856.971619566,ea59df0c-3df9-419b-94b5-65f4b3e9f3e1
418,E14000947,South Swindon,419067,181604,-1.7265,51.53302,124350621.748558,61486.3654580127,5e98a205-ccb0-4373-bebb-b025559722fc
419,E14000948,South Thanet,628496,158406,1.274957,51.27895,126793892.495567,81097.3092834502,4a096fc1-4ae9-4fc2-bd93-b4d094175d79
420,E14000949,South West Bedfordshire,498229,221850,-0.57413,51.88657,122951280.590599,60169.4960472562,140e0b6c-141a-4a00-a81c-84c40cda0293
421,E14000950,South West Devon,258144,56608,-3.99705,50.39218,370421172.423191,153467.229540238,e61270b6-4245-472d-a46f-813080dabf5b
422,E14000951,South West Hertfordshire,499427,208327,-0.56061,51.76481,173367116.489044,102755.537703599,d58c8d0c-3a48-4be2-a87c-52b278d82ed6
423,E14000952,South West Norfolk,575310,297872,0.584232,52.55047,1307203474.20053,232136.817599531,8b23131c-1a04-407f-8760-e736c6096098
424,E14000953,South West Surrey,492271,140635,-0.68193,51.15753,257302642.34063,85000.6383854686,a51e5a9f-2732-4c53-ab3d-e80b85665722
425,E14000954,South West Wiltshire,391049,139812,-2.12936,51.15748,737958749.388088,150232.317283683,4bcb9a7f-8085-4f80-aae0-72f0fe095746
426,E14000955,"Southampton, Itchen",445456,112145,-1.35486,50.90698,21085194.5187569,31853.5381585741,3b921183-47b3-42d1-91f0-fd46aec4efbe
427,E14000956,"Southampton, Test",440306,114131,-1.42789,50.92522,22243564.5565529,25630.2695760328,003d5527-9245-468d-a9a2-83a5cfb83b28
428,E14000957,Southend West,585152,187496,0.669453,51.55596,19477244.7583313,21293.470856737,759e4a01-7769-4c9f-8326-836e27abdef5
429,E14000958,Southport,333107,415938,-3.01314,53.63568,47296863.4165802,42146.5840403446,a350f97f-cabd-4786-a006-24390ebaa234
430,E14000959,Spelthorne,507012,169622,-0.46254,51.41552,52206250.9023819,34685.3434287506,71e521b8-b70b-4686-a8c2-f53b653f3ac7
431,E14000960,St Albans,514325,205423,-0.34578,51.73587,66725009.0129089,51595.0224824496,b8b6a6bc-52d9-4e9c-947d-9cea46e0aebb
432,E14000961,St Austell and Newquay,195453,57855,-4.8787,50.38491,394015200.244202,160339.83756621,ebaa296b-4dd0-4627-a07a-d3ed9b0b1560
433,E14000962,St Helens North,351265,398699,-2.73586,53.48275,84518177.3686142,51583.3597280324,70af6708-8244-4eda-ab2b-7c74f3753b65
434,E14000963,St Helens South and Whiston,351221,392410,-2.73554,53.42622,62689836.2088318,42496.9713063111,2a57cc79-a969-4ae4-9cda-6e2c482b695f
435,E14000964,St Ives,141320,26415,-5.61729,50.08141,522958677.991348,235884.696309381,98024c25-cbde-41c4-a5aa-b48ff696253e
436,E14000965,Stafford,391012,320185,-2.13468,52.77918,292044724.8825,116708.681036664,197a1fc5-67ad-4d35-a8d5-79c985494def
437,E14000966,Staffordshire Moorlands,400043,355243,-2.0008,53.09441,512443483.696442,125384.570345474,65a64467-b5cf-45ec-9b7d-487dc7556caf
438,E14000967,Stalybridge and Hyde,398013,398062,-2.0314,53.47929,62990040.4084167,35577.1325355832,9de5e497-46f4-44ef-ac86-4ac55379babd
439,E14000968,Stevenage,524283,223239,-0.19526,51.89386,65072355.6595459,48346.0334530994,b7fe43fc-71e8-424e-bdff-db87bfeb1d07
440,E14000969,Stockport,388819,390460,-2.16966,53.41084,21812633.8766174,27875.5557844267,4240416d-8d82-4b28-9cfc-e0ea3c200644
441,E14000970,Stockton North,444940,523119,-1.30589,54.60126,118192393.748276,81994.2826543966,c341c112-c4c6-4812-a4b3-4942d8950f52
442,E14000971,Stockton South,443143,513821,-1.33506,54.51786,86618541.4727173,56162.3601865499,ded96a5b-dd94-459c-b6e0-72aea3af8795
443,E14000972,Stoke-on-Trent Central,389141,347320,-2.16333,53.02307,29574408.0567474,33590.469326523,f20885aa-5d2d-46c8-b025-e4b02b8b7d14
444,E14000973,Stoke-on-Trent North,387978,351970,-2.18085,53.06485,42442166.1321793,32931.2334137485,b55a4245-7304-4c5c-bde9-2b68b64f68fe
445,E14000974,Stoke-on-Trent South,390278,342225,-2.14623,52.9773,31869865.421524,30822.1203520544,0a457077-f9fe-46b7-8b56-fc4c47f07048
446,E14000975,Stone,388487,330561,-2.17248,52.87241,621067604.012482,198083.096319003,e7669090-4f87-4b2e-8fe7-9656b7d17708
447,E14000976,Stourbridge,391209,284285,-2.13079,52.45645,27154598.0365753,23948.169734153,cd1c49de-079f-4f0e-b1ec-8af677e1bf96
448,E14000977,Stratford-on-Avon,419834,253616,-1.71133,52.18045,670914497.215309,171721.048816333,62f466e1-ee73-4a79-a510-03db598ecd1f
449,E14000978,Streatham,530187,172431,-0.12842,51.43592,10696963.6635437,16388.7136342678,ba3dd124-139d-40b7-b8d0-2b3d01605206
450,E14000979,Stretford and Urmston,376790,394312,-2.3509,53.44507,44612660.0200348,33546.6917460826,c7477c92-f8f8-44d4-85e2-70dc1c394186
451,E14000980,Stroud,382172,205282,-2.25962,51.74595,382148509.118362,133521.279248906,63e71a94-be62-4a41-b80c-eea8153c33ed
452,E14000981,Suffolk Coastal,635941,249529,1.443063,52.09378,755942486.458221,297980.710504903,7c0b4eee-5ca7-43b0-b458-7a24a31e47be
453,E14000982,Sunderland Central,438940,556531,-1.39429,54.902,28797121.6564789,32335.5990462196,0951809c-ba3f-4c89-90ed-9001e51163ea
454,E14000983,Surrey Heath,493294,162147,-0.6617,51.35075,110570618.638893,62364.7494701316,bb0289ea-8a72-48cb-b6b5-a7b22029f2f1
455,E14000984,Sutton and Cheam,524743,164093,-0.20962,51.36221,19225834.4498291,22134.8913638346,99cc9e66-0352-45a4-8c7e-cbab0df09e8c
456,E14000985,Sutton Coldfield,412968,296625,-1.8101,52.56731,58390759.9755783,36390.1016887188,007441ed-6269-4646-9864-945c36a02e35
457,E14000986,Tamworth,416920,302986,-1.75147,52.62439,180003101.97892,81485.0875368507,5528bc2f-e5fb-43d0-a44a-ec3b65ab3254
458,E14000987,Tatton,372675,375936,-2.41126,53.2797,331557905.069023,105824.567652486,3fcd85dd-7795-4bc5-bc3a-12521852098d
459,E14000988,Taunton Deane,318327,123470,-3.16542,51.00479,462728990.290874,132341.264169034,6170fbad-f8ad-4cbe-b326-180661c91713
460,E14000989,Telford,369252,307888,-2.45611,52.66784,50852576.4011154,33743.1852435047,bbb2bdbe-dc3c-4e73-a0a1-511d89251f5d
461,E14000990,Tewkesbury,395050,226281,-2.07339,51.93502,363834227.320999,145409.300707988,886baa2b-58e4-40ca-9d1a-b0268c2a20bf
462,E14000991,The Cotswolds,407586,216304,-1.89127,51.84529,1243674550.40437,291459.458070482,18c441eb-af1d-489e-89f3-eb1230f371bf
463,E14000992,The Wrekin,369695,319172,-2.4506,52.7693,344846192.342911,127191.717843419,b49d71ea-ec18-42e9-92b6-aa7756908e78
464,E14000993,Thirsk and Malton,465689,478532,-0.9946,54.19836,2145326287.78395,302408.700068138,033f4bab-2526-4d2c-9e34-4ff9b880f1f1
465,E14000994,Thornbury and Yate,369236,185199,-2.44521,51.56482,375937684.426563,115492.688423299,68343cd5-371b-40df-9d4c-b70421dd0d18
466,E14000995,Thurrock,559441,180028,0.29554,51.49671,68336318.9262772,48028.7036554742,49a38826-e73c-467e-9a4f-0d38248531c8
467,E14000996,Tiverton and Honiton,312312,107483,-3.24728,50.86017,903716333.669146,181248.968484332,2557ef9d-8153-41f4-8b41-7dbe0563c83c
468,E14000997,Tonbridge and Malling,561919,151566,0.318253,51.24029,303548307.713654,108473.669001286,cf1af033-530c-44b4-92a7-029416267df9
469,E14000998,Tooting,527687,172670,-0.16428,51.43864,10763174.271637,14171.2490232205,9a6a2730-f6f5-403a-8699-884ee27222b4
470,E14000999,Torbay,290903,64047,-3.53854,50.46605,36084724.7800198,47299.8448726799,730d8ee5-cd50-4ed2-89ea-8c4ae6ddac48
471,E14001000,Torridge and West Devon,244317,100533,-4.20983,50.7834,1703727599.01769,346334.228124667,ce1e2afc-0a97-4695-9e4c-d92cbb5caaea
472,E14001001,Totnes,279925,51148,-3.68903,50.34795,563285401.670435,229409.094490109,913e25c5-830d-40a6-8685-81876279ea6c
473,E14001002,Tottenham,532904,189293,-0.083,51.58682,13379697.9320679,16832.186369154,0dabae8d-9eef-45e6-8a27-3e5bb0a0a217
474,E14001003,Truro and Falmouth,182698,51257,-5.05405,50.32108,442492435.276068,226433.806248994,17c24f59-7e17-4a25-a97d-a14622ff5515
475,E14001004,Tunbridge Wells,566712,140727,0.381826,51.14153,245085268.494125,104741.501944333,9c1a80e0-afb0-442b-aea3-37f829640412
476,E14001005,Twickenham,514894,171607,-0.3486,51.43182,28343928.9942856,31496.2586832706,07109b15-f8e3-41c9-8c25-4ef2fc66e687
477,E14001006,Tynemouth,433256,571150,-1.48124,55.03377,37443061.7533264,32220.7028786181,e7a30bbf-c138-4b87-a4b3-c61b99186d4b
478,E14001007,Uxbridge and South Ruislip,508040,183856,-0.44341,51.54327,30285060.9555435,28024.6034430997,2892fac7-df80-42a1-b398-e99a7e86a368
479,E14001008,Vauxhall,530310,176644,-0.1251,51.47376,7983294.2851944,14522.3746601475,8d0f426c-67d0-426b-92b1-fbd22063b270
480,E14001009,Wakefield,430382,416329,-1.54192,53.64261,79623814.2289276,49212.5163658502,06171ffe-f039-4692-999a-488787c43bfa
481,E14001010,Wallasey,326798,391347,-3.10278,53.41384,23459358.5953522,25237.584178296,e2bdf9b8-5205-4239-b85d-4c1441cfdd3a
482,E14001011,Walsall North,399391,300845,-2.01042,52.6054,26721036.3317947,26740.4162885448,be438f6c-d4ce-494c-bd9e-8d6b0c0e8447
483,E14001012,Walsall South,401479,297306,-1.9796,52.57358,33218523.0102234,34035.8584595861,40f931a2-6ff1-498a-8401-c30cfe18a1c7
484,E14001013,Walthamstow,537215,189198,-0.02085,51.58494,15690034.9048538,17534.1796808666,9a1ae53d-6894-4075-b149-84c10cbb1f0f
485,E14001014,Wansbeck,423326,585770,-1.6354,55.1657,137257013.65004,72864.9348026805,cf1bd2f2-d2dd-4429-aa05-da89ff97e9ff
486,E14001015,Wantage,442287,190881,-1.39064,51.61517,586933648.042274,136303.110360657,de7c353f-e12e-4a1a-839c-220b48e76de4
487,E14001016,Warley,400825,287646,-1.98927,52.48674,19483039.5649643,19039.3251833232,48579971-9167-4f14-a9cf-be6a6f0b989b
488,E14001017,Warrington North,362731,392971,-2.5624,53.43221,89762204.2568359,52751.0254800427,cc712074-5491-4361-881c-8e10dbbd5914
489,E14001018,Warrington South,362664,384844,-2.56245,53.35916,88463591.5198364,66388.3552465866,77cec91d-2fa1-4e0b-87c5-664a1dd274dc
490,E14001019,Warwick and Leamington,427748,263012,-1.59482,52.26459,88766623.7659149,50797.4028103567,89bfd50a-7c36-4be9-bacc-3fd40010e331
491,E14001020,Washington and Sunderland West,431484,556783,-1.51053,54.90478,41822590.0831909,34835.5844921155,06f9b2f7-14b7-4aba-a175-64c51b2c3c34
492,E14001021,Watford,509752,198347,-0.4142,51.67318,37936576.5167923,33014.6976193885,59a33974-d120-4aaf-9c71-e4097e53ea6f
493,E14001022,Waveney,643576,289403,1.583056,52.44826,249592124.077988,118497.358903958,341ac0b1-b975-4a7e-8f93-c2cf6975e3a8
494,E14001023,Wealden,552834,124882,0.176906,51.00302,574555148.232433,167847.534496116,5e55d7e4-61ef-41f5-b199-11a697af273a
495,E14001024,Weaver Vale,357932,378463,-2.63269,53.30145,166756302.290565,89561.3120816345,61077022-64a9-4480-a9fa-61f66505e292
496,E14001025,Wellingborough,491876,265617,-0.65465,52.28104,168752959.906601,79267.9725878592,fa97fc25-3305-410e-937c-4b7e66f71a14
497,E14001026,Wells,349693,146256,-2.72161,51.21327,561762121.811848,142755.129853866,7f4090a2-22ce-4922-a2b6-06c38526c685
498,E14001027,Welwyn Hatfield,525345,208467,-0.18518,51.76087,114985965.818459,65799.8226230892,fcffe76d-832d-44fe-aec4-9099ae401da1
499,E14001028,Wentworth and Dearne,442975,399603,-1.35374,53.4914,90324518.8806763,66659.1630569537,af14d5d1-793b-4c89-921a-7d56fb04a0b6
500,E14001029,West Bromwich East,402098,293072,-1.97049,52.53552,27214442.2292175,26417.1077211498,172a50fd-f15e-4495-a362-237db30a6ddc
501,E14001030,West Bromwich West,397511,292210,-2.03811,52.52777,29320811.7370834,27065.9283282385,ee4b3a56-ce49-4993-84ee-477bfba86469
502,E14001031,West Dorset,357765,99662,-2.60061,50.79496,1031395188.35708,229175.724904063,81bfde57-e5c0-4cd7-a8b4-71e6f7c9038d
503,E14001032,West Ham,539773,183154,0.013642,51.53,17186866.5651398,17804.4937648676,34a05c7e-e420-4f18-a51b-daa26ceeb7be
504,E14001033,West Lancashire,342047,408082,-2.87649,53.56614,262717791.663849,86051.4012943562,7c8aec43-55cf-41cc-b4be-11c920404b06
505,E14001034,West Suffolk,580941,275375,0.655011,52.3466,817899577.961159,247534.628734473,f217cb36-b51d-49b0-b5c8-88048062f3f0
506,E14001035,West Worcestershire,380454,250018,-2.28706,52.14811,710309152.214508,242978.95744816,68ba0900-2254-4185-98e8-1c0d8b80c883
507,E14001036,Westminster North,525949,182219,-0.18587,51.52485,7294376.63452148,13946.2169900426,32c281bf-4b7c-4208-9154-6dd2649ed397
508,E14001037,Westmorland and Lonsdale,352859,492552,-2.72633,54.32636,1344712930.21939,254077.319730697,f8714822-d823-45b9-92ae-03d8cc030d5e
509,E14001038,Weston-Super-Mare,338992,160991,-2.87731,51.3447,143232750.849907,79918.0142882396,96b188f3-5aef-4dd8-bc3a-d9fb2df193cc
510,E14001039,Wigan,357776,408202,-2.63903,53.56873,60303465.5193176,33407.3195321328,07b7a27d-69ee-4c4b-90cc-fb84f6031334
511,E14001040,Wimbledon,524127,170000,-0.2164,51.41543,20725138.2566452,17804.3361369426,3cf29e9a-1bf5-4079-b713-24d6d0568c3d
512,E14001041,Winchester,451629,135560,-1.26375,51.117,320876015.842838,106842.791484027,5805e592-23fb-4ac7-83f2-91f8fcfa6a0e
513,E14001042,Windsor,490472,171462,-0.69984,51.43494,147218391.323959,79479.6165670336,138c9dd8-338f-4c59-af12-6c402d7ad1e1
514,E14001043,Wirral South,330457,382141,-3.04571,53.3316,61327079.0646057,42047.7994654988,ec1e669b-6500-4d03-9ace-f42503e76f7f
515,E14001044,Wirral West,324734,386748,-3.13272,53.37222,48339838.5415115,30094.0485560751,e072e582-581b-463d-b8c3-aa438184a30a
516,E14001045,Witham,586793,214917,0.707753,51.80169,373276276.971016,137437.199490973,b57e1642-e6aa-49cf-a22e-82b52708cbdf
517,E14001046,Witney,434343,215817,-1.50292,51.83991,714742565.245651,132460.712544781,436695ae-1e50-40a2-88e9-37ec81e959c9
518,E14001047,Woking,496148,155763,-0.62245,51.29288,96111180.1721649,58328.4880132609,b64a582d-3bf9-41d0-af23-fd5a0ec775b4
519,E14001048,Wokingham,470402,168142,-0.98917,51.40794,155656925.382042,74069.4525040576,e603268f-4216-445d-bcca-6057b0e25a0e
520,E14001049,Wolverhampton North East,393362,301509,-2.09945,52.61133,23786306.2901154,23336.2097707584,494b4ce0-747a-4863-b61a-e63db6c41983
521,E14001050,Wolverhampton South East,393533,296490,-2.09683,52.56621,24642313.6321945,21430.8447676064,e06bdd19-99da-4e9f-87e8-28f3ff119886
522,E14001051,Wolverhampton South West,389010,298671,-2.16363,52.58574,22949991.7261047,21461.2831265794,0b3601a4-5f7f-40ed-9ea9-66e6bd971387
523,E14001052,Worcester,385744,255190,-2.20997,52.19477,34677044.8647995,23962.7769669411,e79673b4-d5e5-4d01-a567-d419b0376af7
524,E14001053,Workington,317337,543164,-3.28663,54.77656,674068220.720779,233539.076509522,00e4929c-b8f2-438f-9173-aa1689055243
525,E14001054,Worsley and Eccles South,372907,399589,-2.40982,53.49232,61666700.4453735,45541.2432398365,ddf1c371-7dfd-4c00-97e4-10b8afc6f135
526,E14001055,Worthing West,511068,104627,-0.42423,50.83052,28989553.0888405,33680.4280738886,abce809f-f030-41e9-83aa-d0203ff7dea6
527,E14001056,Wycombe,479281,190191,-0.85659,51.60498,142579590.460136,68360.2091372777,7884af44-b918-4c55-8380-71afb38c223a
528,E14001057,Wyre and Preston North,351598,440598,-2.73739,53.85935,265891101.115204,119283.41521696,0f5e924d-63ef-485e-a8bd-538cde4d5554
529,E14001058,Wyre Forest,384106,276388,-2.23494,52.3853,196173167.051971,82052.0623621439,97f1e89f-fd3e-4a7d-8451-644e30f0267c
530,E14001059,Wythenshawe and Sale East,380730,389917,-2.29132,53.40573,35098013.4379272,34156.3175055934,08860020-1654-423d-8f60-d90d15c732ed
531,E14001060,Yeovil,340521,114841,-2.84772,50.92993,402280929.244915,119552.715444261,d78566bc-6781-4097-8736-c7c537e99f06
532,E14001061,York Central,459887,451276,-1.0889,53.95413,22983231.4427338,26682.0734108363,b39e6e57-9cec-4373-a7b3-967ecf4d7d20
533,E14001062,York Outer,461058,457909,-1.06973,54.0136,251868888.068787,111629.756822073,e366a368-86db-42d5-ab70-12e88dde565c
534,N06000001,Belfast East,152079,529068,-5.83807,54.59523,55084420.2766418,35940.7383217948,2ee9b4dc-5843-4f89-b8e2-db067a328a78
535,N06000002,Belfast North,145236,534734,-5.94866,54.64262,50061166.3960037,34502.4734709349,4dd8a237-ac7b-487d-929f-83eb896e3cae
536,N06000003,Belfast South,145758,526423,-5.93339,54.56837,44620888.288002,38835.1486821403,2047edc8-02bf-44a3-8749-c652ac8bdc59
537,N06000004,Belfast West,141839,529165,-5.99627,54.59097,47884003.7844086,31609.9264855507,18fc0694-bcfd-430f-9b48-363fa7694424
538,N06000005,East Antrim,146667,564009,-5.95208,54.90581,582361116.066795,175887.823364779,9aa01af7-c381-4ca0-b7d8-c0815354523e
539,N06000006,East Londonderry,89620,579624,-6.85568,55.01349,1274593120.59286,198833.500851268,492a53f5-ebb2-40c6-898c-4f01cd35393c
540,N06000007,Fermanagh and South Tyrone,40652,510258,-7.53268,54.36015,2495049803.18673,394940.209734488,676fe61b-f7c0-4277-9bb1-46c0e7894a69
541,N06000008,Foyle,62897,578624,-7.27068,54.98718,181899601.905514,69767.7565326078,6cb919a7-b406-4f2e-affc-e3bd082682ff
542,N06000009,Lagan Valley,136134,513375,-6.07021,54.44648,465624387.640865,113838.95618045,f6d43023-afa2-445a-8724-d521bd7e5a99
543,N06000010,Mid Ulster,96559,546851,-6.7131,54.72425,1354270777.45813,178644.017449462,855fbb9f-a6a7-47f5-aa59-154780671ccc
544,N06000011,Newry and Armagh,101133,493856,-6.58873,54.25226,1078707767.56738,182919.947118434,d8cf0fb3-a4c5-4178-b796-52885fc710b0
545,N06000012,North Antrim,126408,577142,-6.2797,55.01283,1387931244.41217,230247.812902923,f3d78fee-3a3d-41d7-89e0-b286966a4d23
546,N06000013,North Down,161862,532857,-5.69006,54.63391,114018294.223473,70021.9385425453,15b852c8-fd44-4302-9142-6245c6c56283
547,N06000014,South Antrim,129133,539234,-6.20169,54.67457,783758284.587788,144894.392442507,91ad7c02-bd27-4c16-ba83-94ba8936033b
548,N06000015,South Down,143313,489313,-5.93906,54.23441,1247550751.59861,233476.733806809,7ed5c2c8-20ac-4adc-9dd9-bd71c9a8253a
549,N06000016,Strangford,163128,515007,-5.65612,54.47441,650447944.664787,144215.777706689,6655aca5-b96d-4e9d-97db-fb22f3f40ac6
550,N06000017,Upper Bann,115180,517442,-6.39633,54.47162,479243995.810123,111535.667626235,c1d50af0-41eb-4705-857d-7c4c40554f70
551,N06000018,West Tyrone,49749,544816,-7.43433,54.67567,1992296324.6199,262683.829277342,0cac1997-4a8d-40e0-861d-a2263a12d383
552,S14000001,Aberdeen North,389796,808947,-2.17038,57.17123,46851334.5390015,48462.025650239,3d404685-325f-4e78-8fd9-ed5c22f8a21a
553,S14000002,Aberdeen South,384014,802600,-2.26559,57.11405,83632714.7064819,58805.9029687553,bcf7c35b-3d09-46e7-95f6-69856d24a28d
554,S14000003,Airdrie and Shotts,283330,662650,-3.86475,55.8429,230351207.371353,78036.9169994817,4d7f192d-a995-444f-9cf6-09cf6f0cc45c
555,S14000004,Angus,344353,761976,-2.91145,56.74606,1975592659.83347,258683.137637578,289432ad-c327-405d-9d0e-79479dfa3e21
556,S14000005,Argyll and Bute,200740,715443,-5.22114,56.28944,6906385712.37897,2423517.58107491,9ba333e1-d7bf-480f-952c-1ac3a0383d0e
557,S14000006,"Ayr, Carrick and Cumnock",238951,603944,-4.53853,55.30317,1624122988.0703,255159.392508641,dfedac38-344c-42b4-9618-a46f804bfb12
558,S14000007,Banff and Buchan,386376,849383,-2.22919,57.53436,1589887957.35693,232931.455920358,efdbaf5c-604e-4f41-bbca-6d1af257abe9
559,S14000008,"Berwickshire, Roxburgh and Selkirk",356200,624537,-2.69512,55.51261,3843307077.75783,391637.679207212,d25e7a7e-e3d3-4a68-bf38-ae4843ddb362
560,S14000009,"Caithness, Sutherland and Easter Ross",258617,918471,-4.4027,58.13248,8598121608.03526,999936.110026222,8c91f191-d1b7-4fd9-85ed-07211eee9923
561,S14000010,Central Ayrshire,238950,628173,-4.55254,55.52066,231750882.171112,106566.773004587,b0805f27-73db-4bfa-8a7c-f13c0f0a5a4c
562,S14000011,"Coatbridge, Chryston and Bellshill",269133,669782,-4.09476,55.90329,80450873.4061584,59017.4831083532,e47b8b0f-262b-4e31-a5d7-7aecba6dd735
563,S14000012,"Cumbernauld, Kilsyth and Kirkintilloch East",268306,677738,-4.11186,55.9745,190415223.529953,86862.6469205412,989586c1-9677-4abe-8daa-bf28a57b4fde
564,S14000013,Dumfries and Galloway,252740,567859,-4.30279,54.9835,3984356889.93906,593432.18262466,ee745001-e438-4e00-b002-e781a08db797
565,S14000014,"Dumfriesshire, Clydesdale and Tweeddale",305399,610683,-3.4946,55.38097,4296379501.54213,461281.712326486,49292dce-e72e-4279-a516-4a2fa4a75088
566,S14000015,Dundee East,347892,736729,-2.84849,56.51969,151564611.662201,66405.1332355959,8301aca3-4831-4f31-aec0-5eaaa3768953
567,S14000016,Dundee West,333100,735387,-3.0885,56.50576,116437626.39476,53606.3702578832,dc535931-2c4b-4eaa-98c6-95aece168bc0
568,S14000017,Dunfermline and West Fife,304846,688762,-3.53053,56.08215,225986001.496506,87504.1050418141,55d7aad3-9b6a-40d2-8827-bc6b47eaea9e
569,S14000018,East Dunbartonshire,256844,674119,-4.29344,55.93873,85572920.4020386,55944.1727940986,d92eed2f-890c-4ade-9adf-ffe39c302ece
570,S14000019,"East Kilbride, Strathaven and Lesmahagow",268907,644910,-4.08639,55.67991,407864423.625977,126177.268526003,db634341-baaa-4a2f-b8fd-acbe1e1dccdf
571,S14000020,East Lothian,354854,672351,-2.72435,55.94207,678158626.892975,153066.47673438,7929912c-a917-401b-a4bb-719de8f7bb99
572,S14000021,East Renfrewshire,251930,653115,-4.36058,55.74868,175658755.218796,75223.6802015281,28423af8-0ddb-4b3a-8021-24a195cb604c
573,S14000022,Edinburgh East,328720,672753,-3.14277,55.94251,25246084.2343903,23589.3973992369,de0d19ea-73fb-4d90-884a-b546d7419abf
574,S14000023,Edinburgh North and Leith,324816,675786,-3.20611,55.96915,19839832.1446381,25060.1429417682,41527319-7233-4f0e-bea4-297d02efec04
575,S14000024,Edinburgh South,326643,669657,-3.17517,55.91438,28885750.1443176,23194.1926682398,2b3d5b37-773a-415e-97ac-547668526c3a
576,S14000025,Edinburgh South West,318314,666474,-3.30742,55.88445,90288313.6054382,51204.8245156358,a314b779-f186-432f-a49e-3484579bc338
577,S14000026,Edinburgh West,316926,673574,-3.33179,55.94798,98328059.539093,55927.8339141714,6a2fc2d6-346a-47aa-8cae-0d9ec9d2e5bb
578,S14000027,Na h-Eileanan an Iar,126473,932862,-6.65722,58.19938,2994481859.55364,1978323.39317497,1cb49027-4e18-45d1-ac92-be7dd6622294
579,S14000028,Falkirk,283491,683752,-3.8713,56.03243,175045967.975388,82489.1247371378,819c48ed-5d46-48aa-97cd-4f41fd7b02f0
580,S14000029,Glasgow Central,257847,663263,-4.2717,55.84157,20952351.2987671,24672.1571566128,75ca0b3e-e9aa-42f1-a2ce-f37075ad0a32
581,S14000030,Glasgow East,265327,664585,-4.153,55.85558,39882440.9421997,30783.4165678336,52cb6854-4849-4833-85c8-0713f248793a
582,S14000031,Glasgow North,256777,668773,-4.29168,55.89072,17239604.9160309,21648.1049641768,73a185cf-6689-42f3-8501-612719222970
583,S14000032,Glasgow North East,261760,668310,-4.21184,55.88802,28027099.8728943,25640.412467607,6f0d8e3d-247d-4fe3-ba8b-019d9ae5dd33
584,S14000033,Glasgow North West,253174,669166,-4.34945,55.89316,18599897.8235168,20428.4816289942,dc13286f-b018-4169-b3b2-079768911df7
585,S14000034,Glasgow South,258684,660035,-4.25666,55.81283,25224163.4951477,27056.4474835287,522f0937-716c-4416-aee7-795a550a5a03
586,S14000035,Glasgow South West,253614,663773,-4.33951,55.84488,26761259.2194366,26102.7774159611,bdc5b596-f194-4095-a9ea-58b2a0e76ba4
587,S14000036,Glenrothes,328253,698904,-3.15726,56.17734,176548437.61882,70683.1360831394,17b971f6-dc5a-4668-9a01-f177f703f19e
588,S14000037,Gordon,370510,829595,-2.49177,57.35586,1515137359.65894,298838.596021949,37b28fc5-390f-4379-ab25-050f309d3518
589,S14000038,Inverclyde,227922,670894,-4.75387,55.9003,161070342.219971,64486.9656004831,7d8ed5c4-de9d-45c0-bde1-186b8bd040ca
590,S14000039,"Inverness, Nairn, Badenoch and Strathspey",263429,814421,-4.26212,57.20014,4927812792.97574,394198.434823109,a9d3c4b6-5975-421e-8d45-3ecd6e1f8f7b
591,S14000040,Kilmarnock and Loudoun,255398,633167,-4.29487,55.57064,706873692.136902,176658.112220157,a2b710a6-29ff-4ae3-8857-67d6ba299151
592,S14000041,Kirkcaldy and Cowdenbeath,322261,690503,-3.2513,56.10094,148005691.456085,88732.1442840143,a56f3e78-5840-4252-a421-37b9601000c8
593,S14000042,Lanark and Hamilton East,290722,650833,-3.74202,55.73851,366422610.046509,123562.095912375,97586f05-d4ff-4c57-9be2-01e712e1881e
594,S14000043,Linlithgow and East Falkirk,292934,672000,-3.71516,55.9291,278740019.824692,123667.361013645,538299fd-7206-4d30-be2e-b31d51c6eac8
595,S14000044,Livingston,302051,663045,-3.56606,55.85062,270738399.166321,96110.1839083681,76fccab9-ce58-4457-8fab-64300880ae3f
596,S14000045,Midlothian,330088,659217,-3.11738,55.82111,354670934.367706,110254.804824933,d3028b94-0490-4eec-b397-e883961b45f5
597,S14000046,Moray,328015,843590,-3.20202,57.4768,2241013912.98727,362326.048304685,89c4255a-88c9-4314-a5f5-2e86b0109c28
598,S14000047,Motherwell and Wishaw,277792,656049,-3.95017,55.78225,56983533.0382385,37632.8187231751,a3902395-5b00-41f4-91e5-da91f54128c3
599,S14000048,North Ayrshire and Arran,195921,636366,-5.23906,55.57807,809536623.815338,241873.807829622,0d70045b-3aed-48e4-b4b9-90909f71674d
600,S14000049,North East Fife,338928,714311,-2.98891,56.31723,769778475.035278,160811.037012986,1611d877-153e-4f7d-b868-cfa48a12d015
601,S14000050,Ochil and South Perthshire,293128,714230,-3.72899,56.30838,1718294719.32642,252466.236464225,a8058466-fda3-4a7e-b632-44566194d962
602,S14000051,Orkney and Shetland,434516,1180307,-1.37344,60.50495,2383535362.32603,2200363.58962489,45c61b7c-050f-4a27-8aad-5c4969fc83b7
603,S14000052,Paisley and Renfrewshire North,243336,668525,-4.50623,55.8843,123692699.747391,65870.3125831552,f9c82b91-9eb6-4595-99a6-92de3327c886
604,S14000053,Paisley and Renfrewshire South,239382,660301,-4.56451,55.80918,138425927.145828,70382.7009968297,fdb96073-8381-452d-8b85-3cf5575ec33f
605,S14000054,Perth and North Perthshire,282163,752466,-3.92341,56.6491,3827025285.99385,407666.407394711,2775e0da-5f19-4b70-9026-616e6fd8cc3a
606,S14000055,"Ross, Skye and Lochaber",211302,834601,-5.13902,57.36264,12518616333.4584,2527719.39862686,10561e6a-594b-4e04-8c9f-61dfe0870133
607,S14000056,Rutherglen and Hamilton West,268594,657784,-4.09756,55.79542,51473420.8861694,45754.1700247542,c9dff5b8-a22a-43a1-bcc8-d216c7d95faa
608,S14000057,Stirling,255980,708769,-4.32595,56.24953,2257533571.77643,294211.694059174,811f0d26-13a8-4761-b474-19b687a54d5b
609,S14000058,West Aberdeenshire and Kincardine,342584,792624,-2.9473,57.02113,3263047654.91379,405915.270944069,0b38689c-4452-4f99-b920-006a19220146
610,S14000059,West Dunbartonshire,242904,681586,-4.52074,56.0014,177203129.64566,75767.5989029065,392cb7b6-d475-47ab-8b99-6f9abc9cb2b5
611,W07000041,Ynys Môn,245217,378331,-4.32298,53.27931,710133248.790306,219019.752713441,bc4f2f6a-16ee-4781-a2d4-634e1bf9e531
612,W07000042,Delyn,318273,370837,-3.22571,53.22827,283341553.022102,117919.515710923,5f4f0781-1ea4-42a7-9242-77826d67e2cd
613,W07000043,Alyn and Deeside,330102,362490,-3.04672,53.15495,152676244.236153,80346.7494045936,5552caf5-5956-4e9f-b067-04c508132d20
614,W07000044,Wrexham,336339,353957,-2.95177,53.07904,102988162.372017,48483.2954185612,634d8764-6126-495a-923d-12a007e020d4
615,W07000045,Llanelli,249768,205472,-4.17667,51.72778,232484482.231133,128451.912480885,ae215133-b697-4392-85b7-7c2255fb1c47
616,W07000046,Gower,256423,192102,-4.07488,51.60939,296436019.08194,162494.353260966,08c4e958-0419-4cd0-846a-5b6289ccc670
617,W07000047,Swansea West,262790,193117,-3.98338,51.6201,33798724.0437012,28709.3264865578,86a4c944-e2be-49d4-81c6-904bbf162d0d
618,W07000048,Swansea East,267106,196223,-3.92226,51.64905,48868354.2369881,34566.3177943239,416856e9-8652-4638-8c69-050aeaea7d09
619,W07000049,Aberavon,281995,189115,-3.70476,51.58849,179988673.64817,101704.220231615,a4ccbc96-b211-49d8-8480-97d8a974a598
620,W07000050,Cardiff Central,319313,179182,-3.16395,51.50578,15571271.9268494,17699.5479851722,fc073156-7ebe-4411-80a4-2dafcb8bfff5
621,W07000051,Cardiff North,316056,181631,-3.21145,51.52732,43460119.8232193,32753.9898317527,d2d3be64-359e-4210-9593-b649ec59a8b5
622,W07000052,Rhondda,296949,196169,-3.49106,51.65483,100757895.497372,44872.7172792478,440e008d-f54c-4889-ba11-b5b39664df56
623,W07000053,Torfaen,327169,200182,-3.05515,51.69564,117983331.941513,69314.6966859531,9d13670a-5f87-4508-98f7-3d3d5597fcfc
624,W07000054,Monmouth,337812,209231,-2.9028,51.77827,835966782.645634,186616.889204728,8145bba5-9979-419c-b857-6ecad6ac6c20
625,W07000055,Newport East,338924,188369,-2.88303,51.59084,121319020.803108,69736.7295874453,34caa82a-5848-4cb5-a407-f1871eafa592
626,W07000056,Newport West,328762,186183,-3.02925,51.57,96585031.8094597,67231.3249564619,0b64dc7b-0142-46f2-8d31-36842ac5715d
627,W07000057,Arfon,256909,361596,-4.14025,53.13227,408428479.157425,109841.915688249,e50bca79-0e17-4c8f-a97b-88468c8670fe
628,W07000058,Aberconwy,276098,360879,-3.85333,53.13064,606936452.354538,154995.990050085,6a261c52-6a6c-41b3-9ef8-020d74a43f00
629,W07000059,Clwyd West,297156,361691,-3.53898,53.14242,923632272.807419,192908.297165723,721f3258-d087-4ec2-aa6b-41a6525adf00
630,W07000060,Vale of Clwyd,306235,374013,-3.40692,53.25482,214798719.404694,97513.983592332,be7e032a-b9f0-4259-94cb-edb4b08cf41e
631,W07000061,Dwyfor Meirionnydd,273979,326157,-3.87145,52.81819,2137521146.82656,412861.775309045,680cb160-3a82-4ec0-9942-4f6593f5881c
632,W07000062,Clwyd South,327085,342913,-3.08738,52.97859,626719129.668327,166793.794060008,f5d57ee2-845d-4f67-829e-28ae2889e075
633,W07000063,Montgomeryshire,301718,304472,-3.4535,52.62909,2185887462.50568,279857.141058896,cccb8482-d6db-4525-8cc0-d31fec37c325
634,W07000064,Ceredigion,267127,268437,-3.94993,52.29795,1783109932.07689,272096.726544778,5df57a22-6861-4f78-a389-f0f7c36c7083
635,W07000065,Preseli Pembrokeshire,193261,226432,-5.00632,51.89799,1169281786.51689,309953.853588218,c8d9710e-cdda-497d-b9ca-345942f5e66b
636,W07000066,Carmarthen West and South Pembrokeshire,216123,213331,-4.66747,51.78834,1017167343.80481,303087.336982003,2954dbad-800d-448d-b00d-490a8aa6947e
637,W07000067,Carmarthen East and Dinefwr,262875,228244,-3.99604,51.93576,1559791222.50084,246615.896452246,93b5bbf8-ee5e-4e2c-a894-f928693ad795
638,W07000068,Brecon and Radnorshire,305328,248414,-3.38434,52.1259,3013164017.24668,306993.549510496,43afb6e1-c0ae-4fc1-a387-8db41ede07f2
639,W07000069,Neath,280613,203826,-3.72973,51.72041,262525782.98756,82403.0949194355,a2e24382-6efa-4919-be31-f545260fde1f
640,W07000070,Cynon Valley,297160,203213,-3.49009,51.71818,181049371.18977,76168.6117536807,889601df-db4f-4155-b9ab-5585587f7c9f
641,W07000071,Merthyr Tydfil and Rhymney,307976,203621,-3.33368,51.72373,162941797.982281,64014.5355549592,96ac73f5-b32b-4cd1-abe3-92d6c9b26582
642,W07000072,Blaenau Gwent,318236,206771,-3.18592,51.75364,109263457.433739,58169.805683176,b81b03f0-94f2-4eac-80be-a372d0cc5651
643,W07000073,Bridgend,287211,179698,-3.62648,51.50492,82821159.5791092,49780.5837277126,cbc6c799-a643-48d4-abc7-3ef2574bdf00
644,W07000074,Ogmore,291741,187410,-3.56361,51.57513,202917105.335342,70058.8190105648,b730bf3f-98d3-4e88-b57d-ed7687765bf4
645,W07000075,Pontypridd,307034,185796,-3.34257,51.56335,104521233.944614,58884.9929648534,4c1d8310-52ae-411d-958d-3bbcf823d57a
646,W07000076,Caerphilly,316860,188276,-3.20144,51.58718,115013586.862705,59225.9099051858,315f192c-1a95-41b2-8d83-606fe93ceaad
647,W07000077,Islwyn,320517,196276,-3.15048,51.65962,113273765.068291,56241.3067056469,9b8e3f4b-a6d4-4fda-b859-a2d4fde2b0e7
648,W07000078,Vale of Glamorgan,302293,173080,-3.40742,51.44824,314107809.533211,88557.7436387891,fac56d9d-0bbd-44d0-a441-0a97171d2227
649,W07000079,Cardiff West,312437,178939,-3.26294,51.50257,51934048.7001038,34887.9982288813,5b7e49d5-99c7-410e-8676-ee8427e63bd5
650,W07000080,Cardiff South and Penarth,317947,171807,-3.18191,51.43929,49110496.779068,50585.3678776572,9c16cfab-9541-4a5d-ae27-76ab4f42fad4
